index,prediction
19,
37,
60,
65,
75,
88,90.0 volt
97,
126,
165,
184,
206,
213,
216,
230,
278,
287,
299,
300,
301,
323,
334,
340,
378,
384,
388,
407,
408,
416,
422,
442,220.0 volt
446,
464,
473,
501,5.0 volt
519,
548,1.4 volt
561,
572,
583,
598,
608,
616,
642,
645,
650,
671,
677,
686,
696,
724,
729,
745,
762,
773,110.0 volt
777,
779,
796,
800,
810,
818,
823,
846,
850,
887,
889,
913,
921,
933,
935,
940,
943,
968,
1000,
1012,
1033,
1035,
1046,
1049,
1054,
1061,
1064,
1066,
1114,
1128,
1131,
1149,
1185,
1214,
1273,
1279,
1309,
1348,
1353,
1369,
1372,
1380,
1386,
1404,
1412,
1425,531.0 volt
1438,38.0 volt
1441,
1447,
1453,
1465,
1481,
1488,
1489,
1494,
1515,
1522,
1537,
1544,
1547,
1551,
1557,
1566,
1580,
1620,
1623,
1626,
1628,
1634,
1639,
1654,
1665,
1679,
1700,
1726,
1730,
1739,
1745,120.0 volt
1753,
1760,
1761,
1764,
1772,
1779,
1819,
1825,
1831,
1836,
1846,
1868,
1875,
1881,
1889,
1896,
1914,
1934,
1937,
1951,
1986,
2005,
2006,
2010,
2021,
2053,
2061,
2064,
2071,12.0 volt
2075,
2078,
2083,
2092,
2093,
2101,
2109,
2126,
2135,
2140,
2146,
2161,12.0 volt
2168,
2178,
2187,
2190,
2204,
2219,
2224,120.0 volt
2227,
2234,12.0 volt
2242,
2244,
2262,
2264,
2265,
2268,
2275,
2278,
2283,
2288,
2296,
2310,
2316,
2326,
2343,
2347,
2351,
2364,
2432,
2435,
2445,
2452,
2462,
2464,
2470,
2481,
2488,
2492,12.0 volt
2497,
2510,
2521,
2525,
2563,
2569,
2571,
2574,
2576,
2579,
2582,
2616,
2629,
2634,
2643,240.0 volt
2654,
2659,
2686,
2688,
2690,
2706,
2707,
2731,
2733,
2736,
2738,
2744,
2754,
2760,
2777,
2780,220.0 volt
2812,
2815,
2820,
2827,
2828,
2841,
2844,
2856,
2857,
2862,
2870,
2889,
2895,
2907,
2914,
2918,
2941,
2946,
2955,
2957,
2962,
2965,
2967,
2979,
2987,
2990,
2996,
3014,
3016,
3020,
3024,
3027,
3030,
3034,220.0 volt
3040,
3058,
3063,
3071,
3084,
3116,
3138,
3148,
3149,
3152,
3167,
3174,
3175,
3182,
3190,
3195,
3198,
3201,
3209,
3215,
3221,
3234,
3245,
3246,
3249,
3255,
3268,
3275,
3291,
3294,
3297,
3303,
3317,
3323,
3324,
3325,
3326,
3327,
3348,
3359,
3368,
3378,
3382,
3400,
3403,
3416,
3423,
3424,3.6 volt
3428,220.0 volt
3434,
3455,
3468,
3471,
3520,
3526,
3536,
3541,
3568,
3570,
3577,
3581,
3595,
3606,
3629,
3631,
3641,
3653,
3666,
3667,
3689,
3690,
3705,
3709,
3712,
3718,
3721,
3728,
3742,
3748,
3764,
3771,
3783,
3793,
3809,
3811,
3825,
3835,
3850,
3854,
3863,
3887,
3912,
3928,
3946,
3951,
3953,
3957,
3961,
3963,
3967,
3976,
3984,
3988,
4007,
4040,
4053,
4065,
4072,
4076,
4080,
4090,
4093,110.0 volt
4116,
4120,110.0 volt
4124,
4125,120.0 volt
4127,
4139,24.0 volt
4145,
4159,
4163,
4195,
4208,
4210,220.0 volt
4217,
4235,
4278,
4280,
4292,
4302,
4306,
4309,
4312,
4322,
4326,
4333,
4342,
4345,
4349,15.0 volt
4352,
4372,
4375,
4383,
4384,20.0 volt
4388,
4391,
4417,
4419,
4425,
4426,
4437,
4447,
4455,
4456,
4459,
4466,
4467,
4468,14.4 volt
4493,
4494,
4499,
4505,
4513,
4516,
4520,
4521,
4544,
4549,
4566,
4572,
4576,
4607,
4617,
4620,
4630,
4639,
4642,
4659,
4663,
4671,
4684,
4703,
4721,
4724,
4749,
4752,
4753,
4755,
4758,
4769,
4785,
4787,
4789,
4791,
4792,85.0 volt
4796,
4807,
4837,
4839,
4846,
4860,
4873,
4878,
4889,
4896,
4903,
4921,
4927,
4931,
4937,
4940,
4946,
4953,
4963,
4971,
4987,
4993,
4997,
5001,
5012,
5018,
5020,
5047,
5048,
5052,
5077,
5078,
5085,
5095,
5097,
5100,
5113,
5122,
5128,
5139,
5154,18.0 volt
5163,
5167,
5168,20.0 volt
5183,
5199,
5203,
5206,
5221,
5251,
5258,
5260,120.0 volt
5263,
5283,
5285,
5298,
5323,12.0 volt
5329,
5338,
5340,
5347,
5350,
5384,
5385,
5394,
5398,
5407,
5414,
5429,
5446,
5448,
5453,
5460,
5463,
5464,
5467,
5469,
5474,
5485,
5490,
5498,
5505,
5518,
5528,
5539,
5540,
5544,
5554,
5556,
5561,
5568,
5590,
5601,
5604,
5613,
5623,
5624,
5656,
5665,
5666,
5687,
5692,220.0 volt
5705,
5706,
5715,115.0 volt
5718,
5733,
5738,
5741,
5742,12.0 volt
5743,
5744,
5761,
5780,
5781,
5784,
5791,
5793,
5813,
5826,
5829,
5840,
5845,
5857,
5885,
5891,
5899,
5901,
5903,
5926,
5927,
5933,
5940,
5947,
5956,
5961,
5966,
5984,
6014,
6039,12.0 volt
6044,
6050,
6053,
6064,
6097,
6111,
6113,
6114,
6127,
6131,
6155,
6158,
6163,
6166,
6170,220.0 volt
6187,
6199,
6204,
6241,
6253,
6259,
6266,
6276,
6301,
6304,
6313,
6335,220.0 volt
6357,
6361,
6367,12.0 volt
6380,
6387,42.0 volt
6405,
6427,
6429,
6449,
6479,
6488,
6489,
6502,
6507,
6511,
6518,
6519,
6525,
6533,2.048 volt
6561,
6567,
6573,
6576,
6580,
6584,
6594,12.0 volt
6622,
6631,
6644,
6646,
6652,
6653,
6660,
6665,
6673,
6676,
6689,110.0 volt
6743,
6768,
6771,220.0 volt
6775,
6782,
6801,
6804,
6816,
6821,
6825,
6842,
6849,
6857,
6859,
6868,
6870,120.0 volt
6874,
6885,
6890,
6899,
6904,
6908,
6924,
6949,
6951,
6960,
6962,
6967,240.0 volt
6977,115.0 volt
6978,
6990,
6992,
6995,
7008,
7026,
7036,230.0 volt
7043,
7045,
7051,
7052,
7057,
7076,
7078,
7084,
7087,
7094,
7100,
7122,
7126,
7130,
7134,120.0 volt
7136,
7151,
7154,
7159,
7162,
7163,
7167,
7188,
7202,
7207,
7236,
7240,
7249,909.0 volt
7259,
7288,12.0 volt
7300,
7304,
7309,
7334,
7335,
7339,
7351,
7357,
7363,
7365,
7387,
7417,
7419,
7428,
7440,
7455,
7471,
7476,
7478,
7488,
7508,
7518,
7536,
7540,1.5 volt
7547,
7551,
7565,
7571,
7579,
7581,
7607,
7612,
7622,
7633,
7647,
7649,
7652,240.0 volt
7654,
7657,
7685,
7686,
7697,
7706,
7710,
7712,
7717,
7720,
7733,
7737,
7739,
7746,
7756,
7765,240.0 volt
7769,
7783,
7794,
7817,
7828,
7836,
7838,
7843,
7845,
7855,
7857,
7860,
7907,
7924,
7925,10.0 volt
7933,
7943,
7948,
7972,
7994,
7995,
8010,
8017,
8025,
8027,
8031,
8038,
8044,
8053,
8054,
8057,
8065,
8066,
8071,
8091,
8098,
8104,
8109,
8113,
8124,
8139,
8149,
8155,
8156,
8164,
8171,170.0 volt
8178,
8198,
8207,
8211,
8214,
8229,
8243,
8250,
8259,
8268,24.0 volt
8270,
8273,
8287,
8292,
8301,170.0 volt
8309,
8325,
8326,
8340,
8364,
8365,
8386,
8389,8.0 volt
8402,220.0 volt
8414,
8421,
8423,
8427,
8431,
8435,
8437,
8457,
8461,
8470,
8471,
8473,
8481,
8496,
8502,
8515,
8525,
8530,
8542,
8550,
8580,
8586,15.0 volt
8588,
8602,120.0 volt
8608,
8636,
8657,21.0 volt
8670,
8681,
8683,
8687,
8689,
8692,
8698,
8701,
8706,
8730,
8745,
8754,
8755,280.0 volt
8763,
8766,
8767,
8790,
8808,
8816,
8820,12.0 volt
8830,
8839,
8843,
8845,
8851,
8857,
8878,
8893,
8894,
8896,
8897,
8902,
8909,
8917,
8919,
8922,
8934,
8940,
8947,
8968,
8978,
8982,
8995,
8998,
9002,
9008,
9012,
9015,110.0 volt
9018,
9037,
9049,
9052,
9056,
9058,
9064,
9094,
9096,110.0 volt
9100,
9119,
9121,
9124,
9128,
9133,
9135,
9142,
9143,
9159,
9162,902.0 volt
9168,
9182,
9186,
9188,
9205,
9227,
9243,
9248,
9250,
9257,
9272,
9273,
9275,
9292,
9311,
9315,
9325,
9346,
9355,
9361,
9380,
9383,
9394,
9416,
9419,
9434,
9451,
9476,
9481,24.0 volt
9485,
9513,
9517,110.0 volt
9518,
9522,
9535,
9537,12.0 volt
9546,
9564,
9567,
9608,110.0 volt
9623,
9662,
9665,
9671,
9675,
9679,
9681,
9683,
9689,
9702,
9711,
9718,
9729,
9740,
9741,
9748,12.0 volt
9758,
9761,
9762,
9765,
9777,
9780,
9784,
9789,
9803,
9822,
9835,
9846,3.0 volt
9866,
9897,
9912,
9918,
9925,
9929,
9931,
9948,
9961,
9968,
9978,12.0 volt
9983,
9994,
9997,
10025,
10030,
10054,
10084,
10094,
10104,
10105,
10114,12.0 volt
10117,
10120,
10123,
10125,
10128,
10138,
10150,
10154,
10160,
10168,
10179,
10180,
10199,
10208,
10220,
10222,
10232,
10237,
10243,
10245,
10263,
10273,
10278,
10317,
10332,
10333,
10370,
10391,5.0 volt
10393,
10409,
10410,6.0 volt
10417,20.0 volt
10432,
10437,120.0 volt
10450,
10454,
10457,
10476,
10484,
10500,
10519,
10523,
10526,
10530,
10536,
10542,
10552,
10560,
10569,
10574,
10579,
10589,
10590,
10604,220.0 volt
10610,
10619,
10626,
10628,
10634,
10646,
10648,
10661,
10687,
10699,
10702,
10719,
10721,
10723,
10728,
10732,110.0 volt
10735,
10755,
10763,
10788,
10803,
10806,12.0 volt
10821,
10822,220.0 volt
10829,
10833,
10849,
10855,
10857,
10859,5.0 volt
10870,
10874,
10876,
10902,
10910,
10919,
10931,
10932,
10944,
10952,
10962,220.0 volt
10971,
10972,
10973,
10996,
10997,
11007,42.0 volt
11015,
11040,
11060,
11064,
11074,
11083,
11085,12.0 volt
11090,
11146,
11150,
11155,
11173,
11193,
11207,
11209,
11212,120.0 volt
11217,
11226,
11232,
11238,
11249,
11258,
11266,
11287,
11316,
11321,
11334,
11345,
11356,
11360,
11370,
11373,
11375,
11376,
11378,
11385,
11391,
11396,
11408,
11411,
11413,
11423,
11427,
11439,
11457,
11458,
11466,
11476,
11477,
11495,
11519,
11526,
11545,
11548,
11566,
11572,
11576,
11593,
11600,
11619,
11623,
11628,
11642,
11657,
11670,
11671,
11686,
11690,
11692,
11700,12.0 volt
11706,
11709,
11715,
11718,
11747,
11756,
11769,
11772,
11779,
11783,
11784,
11793,120.0 volt
11806,
11809,
11814,
11816,
11825,
11837,
11848,
11860,
11862,
11874,
11875,
11899,
11905,
11911,
11914,
11915,5.0 volt
11933,
11935,240.0 volt
11941,
11944,
11951,
11972,
12002,
12023,
12026,
12049,
12076,110.0 volt
12084,
12086,
12087,
12096,220.0 volt
12142,
12145,
12152,
12153,8.0 volt
12173,
12186,
12208,
12225,
12236,12.0 volt
12248,
12270,
12286,
12292,
12296,
12297,
12309,
12320,
12334,
12335,
12340,
12341,
12350,
12352,
12360,2.0 volt
12362,
12379,
12383,
12392,
12398,
12405,
12409,
12441,
12450,
12459,17.0 volt
12460,
12465,
12466,
12471,
12499,
12503,
12505,
12523,
12535,
12597,
12603,
12615,
12632,
12645,
12649,
12650,
12655,
12670,18.0 volt
12675,
12692,
12696,
12705,
12727,
12731,
12733,
12734,
12745,
12755,
12766,
12776,
12798,
12799,
12804,
12811,
12812,
12828,
12834,
12838,
12840,
12842,
12854,
12867,
12890,
12913,
12915,5.0 volt
12935,
12938,24.0 volt
12948,
12952,
12962,12.0 volt
12980,
13007,
13016,7.0 volt
13056,
13065,
13069,
13071,
13074,
13090,
13103,
13105,
13124,
13131,
13132,
13139,
13143,7.4 volt
13147,
13168,
13181,
13185,
13186,9.0 volt
13191,
13208,
13213,
13214,
13219,
13239,
13242,
13244,
13245,
13263,
13266,
13288,
13291,
13292,
13297,
13307,
13310,
13320,
13329,36.0 volt
13331,
13338,
13356,
13362,
13381,
13396,
13419,
13421,
13426,
13446,
13449,
13457,
13467,
13470,
13477,220.0 volt
13483,
13499,
13518,
13523,
13529,
13537,
13549,
13555,
13559,
13571,
13575,5.0 volt
13585,
13594,
13620,
13653,
13671,240.0 volt
13675,
13679,
13684,12.0 volt
13702,
13707,
13714,
13739,
13751,
13789,
13802,
13831,
13843,
13854,
13859,
13865,
13882,
13891,
13895,
13904,
13908,
13913,
13919,
13933,
13940,
13959,
13961,
13974,
13981,
13988,
14004,
14006,
14013,42.0 volt
14033,
14035,
14043,
14045,
14046,
14060,
14106,
14115,
14146,
14154,
14162,
14163,
14167,
14174,
14187,
14205,
14211,
14227,
14247,
14263,
14267,
14273,
14305,
14311,
14322,
14327,
14337,
14349,
14357,
14361,
14363,120.0 volt
14365,
14378,
14379,
14384,
14391,
14393,
14394,
14401,
14402,
14414,1.0 volt
14420,
14429,20.0 volt
14441,
14449,
14454,
14455,
14461,
14465,
14467,
14491,
14503,
14509,
14516,
14526,
14534,220.0 volt
14536,
14548,
14550,
14558,
14564,
14576,
14596,
14609,
14612,
14613,
14619,
14652,
14657,
14664,
14680,
14685,
14692,
14700,
14719,
14726,
14729,
14731,
14732,
14755,
14756,
14758,
14780,120.0 volt
14792,
14804,
14810,
14812,
14838,
14854,
14855,
14857,
14863,
14872,
14882,
14883,
14885,
14889,
14895,
14922,
14925,12.0 volt
14943,220.0 volt
14950,
14951,
14955,
14962,
14964,5.0 volt
14985,
15011,
15012,
15016,
15023,
15039,
15041,
15057,
15058,
15064,
15074,
15075,
15076,
15088,
15093,
15095,
15097,
15137,
15166,110.0 volt
15178,
15186,
15188,
15190,
15194,
15206,
15208,12.0 volt
15227,
15233,
15239,
15242,
15246,
15256,
15262,
15270,
15276,
15277,
15281,
15289,
15296,
15307,
15326,
15337,
15374,
15386,
15391,
15412,
15429,
15461,
15466,12.0 volt
15469,
15471,
15478,
15484,
15490,
15496,
15501,
15502,
15518,
15524,
15534,
15539,
15569,
15571,
15574,
15582,
15594,
15600,
15608,
15612,
15631,
15632,
15640,
15645,
15647,
15661,
15663,
15666,
15671,
15673,
15696,
15722,
15740,
15742,
15747,
15778,
15804,
15809,
15832,
15842,
15861,5.0 volt
15864,
15868,
15881,
15885,
15897,5.0 volt
15908,
15916,
15920,
15926,
15930,
15934,
15937,
15944,
15947,
15949,
15953,
15955,
15957,
15977,
15982,
15990,
15993,
15997,
16002,
16044,
16059,
16077,
16089,
16094,
16108,
16113,
16128,
16132,
16139,
16155,
16156,
16167,
16174,
16178,
16202,
16207,
16210,
16216,
16227,
16239,
16244,
16247,
16258,
16268,
16274,
16275,
16282,
16283,
16286,
16294,
16313,
16319,
16328,
16329,
16333,12.0 volt
16338,
16352,
16385,
16412,
16421,
16422,
16424,
16438,
16439,
16442,
16443,
16456,
16470,
16476,
16478,
16480,
16484,
16485,
16496,
16500,
16505,
16517,
16539,
16556,
16557,
16573,
16586,
16588,
16590,
16604,
16606,
16610,
16636,
16647,
16667,
16674,
16681,
16698,
16711,
16719,
16742,12.0 volt
16748,
16749,
16752,
16761,
16769,
16780,
16783,
16795,20.0 volt
16800,
16807,
16810,
16816,
16820,
16822,
16827,
16843,
16845,
16849,
16855,5.0 volt
16872,
16892,
16905,
16925,
16939,
16945,
16948,20.0 volt
16954,
16955,
16962,
16974,
16978,
16983,
16989,
17009,240.0 volt
17018,
17019,
17038,
17049,
17052,
17058,
17059,
17068,
17074,
17081,
17086,
17100,
17111,
17133,
17137,
17144,
17164,
17173,
17176,
17195,
17200,
17213,
17218,
17232,
17249,
17264,120.0 volt
17273,
17276,
17296,
17302,
17328,
17346,420.0 volt
17350,
17359,
17360,
17378,12.0 volt
17380,20.0 volt
17386,
17388,
17410,
17417,
17423,
17424,
17427,
17432,
17468,
17478,
17487,
17497,
17502,
17508,
17515,
17522,
17527,
17555,
17561,
17565,
17570,24.0 volt
17585,
17605,
17610,
17625,
17630,
17643,
17681,
17687,
17689,
17694,
17739,
17787,
17789,
17791,
17792,
17798,
17801,
17805,
17814,
17815,
17828,
17841,
17846,
17865,
17868,
17869,
17884,
17887,
17921,
17925,
17929,
17935,
17943,
17949,
17953,
17965,
17977,
17991,
18014,
18024,
18029,
18036,220.0 volt
18059,
18061,
18068,
18076,120.0 volt
18087,
18100,
18106,
18108,
18116,
18138,
18140,
18146,220.0 volt
18151,
18157,
18164,
18176,
18180,16.0 volt
18181,
18184,
18216,
18220,
18233,
18236,9.0 volt
18237,
18258,
18264,
18271,
18304,
18305,
18318,
18331,
18337,
18352,
18359,
18376,
18380,
18386,
18391,
18397,
18419,
18449,
18457,
18464,
18465,5.0 volt
18468,
18477,
18481,
18492,
18508,
18509,
18516,
18526,
18541,
18552,
18566,
18568,
18570,
18578,
18579,
18590,
18600,
18621,
18634,
18641,
18645,
18653,
18659,
18664,
18671,
18672,
18694,
18723,
18724,
18732,
18748,
18751,
18754,
18768,220.0 volt
18776,
18787,12.0 volt
18796,24.0 volt
18803,
18816,
18885,
18949,
18957,
18959,
19015,
19089,
19104,
19143,
19145,
19189,
19226,
19239,
19265,
19271,
19304,1.8 volt
19311,
19347,
19367,
19369,
19417,
19436,
19478,
19491,
19492,
19532,
19554,
19557,
19564,
19583,
19629,
19675,
19681,
19694,
19702,
19705,
19708,10.0 volt
19758,
19795,
19797,
19828,
19833,
19849,
19853,
19859,
19871,
19886,
19907,
19924,
19956,
20007,
20016,
20020,
20120,
20156,
20183,
20186,
20230,
20242,240.0 volt
20271,
20322,
20360,
20392,
20411,
20491,
20501,
20528,
20538,
20541,
20557,
20560,2.0 volt
20599,
20601,
20645,
20664,
20676,
20717,24.0 volt
20738,
20782,
20790,
20792,
20805,
20826,
20928,
21007,
21037,
21041,
21071,
21085,
21087,
21125,
21179,
21206,
21216,5.0 volt
21223,
21249,
21289,
21290,
21319,
21373,
21383,
21396,
21397,
21479,
21488,
21502,
21505,
21560,
21656,
21660,
21676,
21728,
21731,
21737,18.0 volt
21787,
21804,
21805,
21831,
21840,
21865,
21878,
21908,
21950,
21962,
22026,
22045,410.0 volt
22053,
22107,
22137,
22141,
22142,
22155,
22170,
22171,
22177,
22181,
22219,
22224,
22254,
22269,1.0 volt
22271,
22291,
22314,
22330,
22350,
22358,12.0 volt
22435,
22489,
22491,
22498,
22523,
22528,
22549,
22564,
22573,
22574,
22576,
22610,
22614,
22622,
22641,
22669,
22673,
22677,
22699,
22715,
22750,60.0 volt
22753,
22776,
22823,
22824,
22837,
22881,
22894,
22916,
22948,
22951,
22972,
22983,
23022,
23023,
23024,
23041,
23086,
23104,
23119,
23122,
23199,21.0 volt
23205,
23249,
23307,
23314,
23349,
23374,
23388,
23404,
23408,
23415,12.0 volt
23438,
23452,
23503,120.0 volt
23569,
23572,
23662,
23682,
23684,
23721,
23740,
23742,
23750,
23767,
23775,
23798,
23800,
23813,110.0 volt
23824,
23850,
23869,
23893,
23960,
23980,
24006,
24033,12.0 volt
24137,
24161,
24224,
24255,
24264,
24280,
24323,
24339,
24352,
24355,12.0 volt
24390,
24403,
24419,
24442,415.0 volt
24498,
24521,
24541,3.0 volt
24554,
24558,
24598,
24607,
24629,
24649,4.0 volt
24659,12.0 volt
24664,
24698,
24712,
24741,240.0 volt
24749,
24754,
24757,240.0 volt
24791,
24799,
24850,
24876,
24888,
24943,
24964,
24971,
24995,110.0 volt
25012,
25079,
25080,12.0 volt
25121,
25149,24.0 volt
25156,
25160,
25164,
25179,
25191,
25201,
25216,230.0 volt
25264,120.0 volt
25273,
25275,
25290,3.6 volt
25315,
25330,
25367,
25368,
25377,
25409,
25410,
25439,
25474,
25487,
25524,
25525,
25689,
25695,
25714,
25726,
25762,24.0 volt
25765,
25769,
25772,
25778,
25783,
25830,
25835,31.0 volt
25842,12.0 volt
25852,
25868,9.0 volt
25884,
25912,
25919,
25968,
26005,
26011,
26018,
26026,
26029,
26034,
26047,
26054,
26069,
26071,
26099,
26103,
26140,
26174,
26189,
26225,
26231,
26234,
26246,
26305,
26308,
26316,
26339,
26371,120.0 volt
26475,
26583,
26592,
26611,
26666,
26667,
26681,
26757,
26761,
26820,
26845,20.0 volt
26847,
26877,
26944,
26949,
26958,
26993,
27066,
27072,30.0 volt
27098,
27123,
27175,
27180,
27255,
27263,
27305,
27335,
27352,
27384,
27407,
27428,
27470,170.0 volt
27484,6.0 volt
27516,
27524,
27548,
27581,
27592,
27598,
27658,
27720,
27732,12.0 volt
27736,
27739,
27751,
27808,
27857,
27898,
27902,
27921,
27928,
27934,
27963,
27984,
27992,
28011,
28055,
28056,
28104,
28172,
28209,
28217,
28221,
28233,
28234,
28237,
28250,
28260,
28278,
28296,
28312,115.0 volt
28330,
28411,
28428,
28435,7.0 volt
28436,
28440,
28445,
28453,
28460,24.0 volt
28540,
28549,
28552,2.0 volt
28564,
28575,
28584,12.0 volt
28663,
28727,
28731,
28734,
28758,
28764,
28765,
28788,
28803,
28882,
28883,
28891,
28956,
29024,110.0 volt
29053,
29077,
29087,
29100,
29167,
29187,
29194,
29209,
29223,
29233,
29318,
29327,
29364,
29386,
29425,
29430,
29443,
29489,
29494,
29523,
29601,
29603,
29617,
29682,
29721,
29751,
29796,
29857,
29893,
29898,
29902,
29915,
29938,
29970,
29974,
29981,
29985,
29988,
30024,
30106,
30156,
30167,
30174,
30205,
30260,
30283,
30290,
30319,
30333,
30336,
30376,
30383,
30391,
30460,
30488,
30511,
30526,
30528,
30531,
30569,
30574,
30576,
30596,
30610,
30615,
30684,
30728,
30735,
30742,
30757,
30805,
30818,
30840,
30846,
30892,
30938,
30990,84.0 volt
31034,
31037,
31081,
31118,
31120,
31124,
31145,
31164,
31171,
31174,
31177,
31186,
31282,
31310,
31317,81.0 volt
31326,
31350,
31409,12.0 volt
31414,3.6 volt
31457,
31498,
31520,
31606,3.3 volt
31609,
31615,
31626,
31649,
31661,
31669,
31713,
31738,
31801,
31838,
31857,
31869,
31939,12.0 volt
31943,
31966,
31977,
31994,20.0 volt
32063,
32083,20.0 volt
32210,
32214,
32247,7.4 volt
32254,110.0 volt
32286,
32298,
32356,
32372,
32378,
32397,
32466,115.0 volt
32532,
32563,
32584,18.0 volt
32618,
32646,230.0 volt
32668,
32708,
32727,
32769,5.0 volt
32788,
32797,
32822,
32836,
32842,
32860,
32896,
32898,
32905,
32913,
32917,
32940,
32961,
32964,5.0 volt
32974,
32976,
33017,
33021,
33029,
33083,
33087,
33106,
33109,
33119,
33141,
33195,
33197,
33282,
33287,
33325,
33357,
33376,
33385,
33388,
33398,
33467,
33493,
33562,
33589,
33592,
33632,240.0 volt
33660,
33688,
33690,
33769,
33789,
33814,
33834,
33869,
33876,
33880,
33885,2.0 volt
33967,
33972,70.0 volt
33983,
33997,
34003,
34039,
34056,
34058,
34077,
34121,
34178,
34195,
34202,
34204,
34211,
34218,
34238,
34244,
34294,
34298,220.0 volt
34333,
34341,
34418,
34477,
34482,
34531,
34574,
34582,
34594,24.0 volt
34640,
34650,
34652,
34697,
34714,
34726,
34760,
34769,12.0 volt
34787,
34844,
34872,
34890,
34903,
34906,
34943,
35002,
35062,
35078,700.0 volt
35096,
35143,
35222,4.0 volt
35259,
35361,80151.0 volt
35387,
35441,
35487,
35508,
35515,
35533,
35545,
35553,
35592,
35683,18.0 volt
35696,
35782,
35792,12.0 volt
35806,
35818,
35898,12.0 volt
35924,
35938,
35979,
36001,
36004,
36006,
36023,
36107,
36137,
36160,
36174,
36179,
36190,110.0 volt
36241,
36278,
36305,
36326,
36329,
36331,
36333,120.0 volt
36355,
36394,
36424,
36448,
36457,
36487,
36572,
36650,
36659,
36671,12.0 volt
36681,
36713,
36740,
36762,
36778,
36790,
36937,
36959,
36977,
36984,
37042,
37043,
37064,
37077,
37102,
37109,
37177,
37198,
37209,
37215,
37316,
37342,
37366,
37377,
37399,50101.0 volt
37406,
37413,
37470,
37516,
37604,
37628,
37662,
37667,
37669,
37780,
37798,
37852,
37863,
37869,115.0 volt
37948,115.0 volt
37975,48.0 volt
37978,
37990,
37999,
38056,
38122,
38128,21.0 volt
38148,
38155,
38160,
38162,
38169,
38183,
38187,
38189,
38195,
38305,
38310,
38341,
38347,
38354,
38481,
38523,
38548,
38558,
38568,
38581,85.0 volt
38660,
38704,24.0 volt
38738,
38765,
38770,
38771,
38787,
38882,
38921,
38953,
39021,
39088,
39113,
39122,
39126,
39152,
39156,
39181,
39274,120.0 volt
39307,
39313,
39330,110.0 volt
39397,
39404,1.2 volt
39406,
39472,
39477,
39498,
39564,
39587,115.0 volt
39628,
39634,
39672,
39699,
39721,7.4 volt
39723,2.4 volt
39842,
39871,
39877,
39887,
39941,12.0 volt
39974,
39992,
39993,
39998,
40004,
40008,
40027,
40038,120.0 volt
40069,
40110,
40122,
40161,
40179,
40203,
40205,
40245,
40247,
40267,
40286,
40368,
40372,
40379,
40391,
40401,
40425,
40468,
40480,
40507,
40566,
40584,
40618,
40633,
40640,
40657,
40698,
40710,
40770,
40787,
40837,
40855,
40897,
40946,
40947,
40956,
40962,110.0 volt
41101,
41156,
41179,
41180,
41186,
41268,
41278,
41296,
41333,
41338,4.2 volt
41340,120.0 volt
41350,20.0 volt
41356,
41361,1.35 volt
41436,
41484,
41520,
41548,
41559,7.0 volt
41568,
41579,
41620,
41627,
41643,
41649,
41686,
41702,30.0 volt
41736,
41769,
41800,12.0 volt
41824,
41847,
41862,
41932,4.5 volt
41947,
41952,
42044,
42096,
42118,21.0 volt
42136,
42208,
42214,
42231,
42262,
42288,
42294,
42335,
42367,
42374,
42437,
42439,
42443,
42459,
42462,
42480,
42492,
42546,
42554,50201.0 volt
42587,12.0 volt
42646,
42667,
42683,
42708,
42722,
42750,
42759,
42769,
42844,
42847,
42860,37.0 volt
42872,12.0 volt
42914,
43031,
43100,
43109,
43156,
43190,
43205,
43235,
43239,20.0 volt
43268,
43349,
43379,12.0 volt
43391,
43430,
43451,
43467,
43502,
43515,
43518,
43555,
43581,
43596,12.0 volt
43604,
43609,
43637,120.0 volt
43663,24.0 volt
43686,
43692,
43705,
43707,
43766,
43781,
43803,
43824,
43954,
43958,
43968,
44035,
44067,
44070,
44076,
44080,
44124,
44137,
44156,
44260,
44266,
44313,
44327,
44353,
44402,
44437,
44438,
44463,
44539,
44567,2.0 volt
44585,
44594,
44618,
44628,
44700,
44710,
44732,
44735,
44753,
44792,
44796,
44801,
44842,
44851,
44873,
44876,
44929,
44950,
44960,
44965,
44973,
44993,
45037,
45094,
45105,
45118,
45141,
45155,
45180,
45184,
45191,120.0 volt
45208,
45211,
45259,
45281,
45297,
45320,
45336,
45367,
45401,
45436,
45452,
45461,
45463,
45475,
45496,2.0 volt
45517,
45534,
45557,
45562,220.0 volt
45566,
45606,
45613,
45648,
45666,
45670,
45680,
45685,
45689,
45718,
45738,
45794,
45801,
45822,
45842,
45850,
45862,
45869,
45880,12.0 volt
45925,
45933,
45964,
45967,
45991,
46013,
46026,
46046,
46050,
46065,
46077,
46095,
46098,
46127,
46152,
46158,
46212,
46218,
46231,
46248,
46273,68.0 volt
46373,
46380,
46452,
46465,
46490,
46493,
46600,
46611,
46630,
46645,
46689,
46704,
46741,
46758,
46785,
46789,
46807,
46814,12.0 volt
46879,
46929,
46983,
46996,
47013,
47016,
47038,
47065,
47072,
47090,
47096,
47111,
47149,
47192,
47196,
47227,
47248,
47270,
47323,120.0 volt
47364,
47399,
47450,
47458,
47495,
47506,
47512,
47532,
47547,
47569,
47589,
47599,
47602,
47629,
47646,
47654,
47661,
47682,
47698,
47703,
47708,
47717,
47724,
47763,
47792,
47809,
47814,110.0 volt
47816,
47820,
47866,
47931,
47958,
47977,
48051,
48081,
48084,
48097,
48111,110.0 volt
48142,
48175,
48192,
48197,
48231,
48236,
48268,
48283,
48296,
48378,
48411,
48477,
48479,
48515,
48519,
48547,
48551,
48606,
48609,
48636,
48648,
48653,
48655,
48663,
48686,
48708,
48715,
48751,
48770,
48772,
48822,
48823,120.0 volt
48870,
48883,
48899,
48952,
49056,
49091,120.0 volt
49108,
49146,12.0 volt
49148,
49151,
49165,
49173,
49223,
49225,110.0 volt
49238,
49252,
49276,
49342,
49355,
49364,
49375,
49397,
49406,
49408,230.0 volt
49473,
49492,115.0 volt
49497,
49502,
49505,
49534,72.0 volt
49558,
49571,
49628,
49675,
49685,
49698,
49704,
49753,
49798,
49799,
49809,
49832,
49844,
49846,
49951,
49955,
49968,
50027,
50078,
50098,
50130,
50137,2.5 volt
50153,
50196,3.8 volt
50217,
50232,
50254,
50258,
50261,
50335,
50416,
50449,
50468,
50502,3.85 volt
50510,
50538,
50541,
50566,
50572,
50597,
50639,
50679,
50723,
50727,
50741,
50811,
50847,
50905,
50932,
50942,
50999,
51019,
51163,
51218,
51220,
51262,
51266,12.0 volt
51344,
51378,
51381,
51411,
51420,
51425,
51499,
51507,220.0 volt
51512,5.0 volt
51598,
51610,
51642,
51666,
51709,
51711,
51731,
51738,
51775,
51792,7.0 volt
51799,
51841,
51853,
51865,
51924,
51943,
51981,240.0 volt
52004,
52011,
52023,
52064,
52073,
52109,
52114,12.0 volt
52118,
52147,
52152,
52192,
52218,
52295,
52323,
52325,
52353,
52384,
52392,
52434,
52436,
52446,
52471,
52532,
52598,
52637,
52644,
52720,
52749,5.0 volt
52769,
52811,
52841,
52854,
52884,
52929,
52960,
52988,
53163,
53170,
53229,
53249,
53260,
53316,
53340,
53403,
53410,
53415,
53429,
53459,
53470,
53476,
53482,
53560,
53594,
53598,
53609,
53611,
53663,
53687,22.0 volt
53727,
53798,
53811,
53814,
53846,5.0 volt
53867,
53899,
53990,
53994,
54028,
54030,
54074,
54079,
54120,
54125,24.0 volt
54173,
54232,
54251,
54281,
54285,
54300,
54307,12.0 volt
54369,
54391,
54490,
54493,
54502,
54529,120.0 volt
54538,2.0 volt
54564,
54607,
54620,
54647,
54650,
54656,
54676,
54692,
54747,
54770,
54794,
54820,
54869,
54907,
54936,5.0 volt
54953,
54994,
55001,
55008,
55040,
55044,
55052,
55073,
55077,
55120,
55127,
55141,
55151,2.0 volt
55209,
55229,
55269,
55296,24.0 volt
55332,
55374,
55398,
55409,
55422,
55432,
55439,
55454,
55462,
55507,
55521,
55575,240.0 volt
55578,
55586,
55620,
55626,20.0 volt
55734,
55740,7.0 volt
55784,
55804,
55819,
55859,
55893,
55928,7982.0 volt
55959,
55963,
56016,
56052,
56056,
56063,
56085,
56120,
56201,
56221,
56227,
56233,
56241,
56332,
56341,24.0 volt
56379,
56398,
56429,
56448,20.0 volt
56472,
56483,237.0 volt
56523,
56528,24.0 volt
56534,
56578,
56586,
56596,
56641,
56642,
56663,
56694,
56718,24.0 volt
56733,
56790,
56827,
56836,
56846,
56905,
56906,20.0 volt
56911,
56916,
56923,
56969,
56986,
57003,
57036,
57054,
57080,
57085,
57115,
57117,
57217,
57240,
57262,
57280,
57312,
57356,48.0 volt
57414,
57419,
57425,
57459,
57505,
57526,230.0 volt
57585,
57619,
57630,
57639,21.0 volt
57663,
57716,
57721,
57852,
57911,
57932,
57951,
57972,
58036,
58063,
58068,
58132,
58153,
58171,20.0 volt
58235,
58254,
58256,12.0 volt
58259,240.0 volt
58286,
58299,
58315,
58326,
58329,24.0 volt
58401,
58427,
58430,
58456,
58528,
58532,
58537,
58570,
58658,
58677,
58686,
58690,
58701,
58827,
58899,
58904,
58956,
58965,
58972,
58983,
59065,12.0 volt
59080,
59088,
59111,
59121,
59147,
59151,
59172,
59177,
59191,
59199,
59215,
59288,
59301,
59308,
59325,
59335,
59340,
59367,
59416,
59450,
59467,
59471,
59585,
59587,
59630,
59633,20.0 volt
59673,
59680,
59718,
59752,
59843,
59886,
59919,
59929,
59963,
59978,170.0 volt
60010,
60037,7.4 volt
60040,
60041,
60048,
60078,
60080,
60087,5.0 volt
60097,
60178,
60221,
60251,
60255,48.0 volt
60278,
60293,
60299,
60320,
60359,
60363,
60398,
60405,
60434,
60437,
60458,110.0 volt
60550,
60574,
60584,
60586,
60637,
60666,
60669,
60744,
60750,240.0 volt
60783,
60814,
60837,
60858,
60898,
60931,
60963,24.0 volt
61007,
61013,
61042,
61043,
61093,
61137,
61141,
61223,
61225,
61265,
61277,
61352,
61375,
61396,
61420,12.0 volt
61441,
61451,
61507,
61522,3.8 volt
61523,
61532,
61568,
61572,
61628,
61668,
61688,
61719,
61747,
61752,
61763,
61770,
61824,
61860,120.0 volt
61867,
61948,
61957,
61977,
61987,
62004,
62010,
62065,
62133,
62150,
62152,
62158,
62200,
62233,12.0 volt
62346,
62360,
62368,
62383,24.0 volt
62428,
62472,
62509,
62510,
62558,
62561,
62603,
62620,
62627,
62650,
62654,
62658,
62681,
62703,
62754,
62807,120.0 volt
62810,
62814,
62845,
62861,
62913,
62933,
62969,
63015,
63061,
63066,
63079,
63085,240.0 volt
63119,
63137,
63144,
63151,
63154,
63157,
63189,
63193,12.0 volt
63213,
63244,
63322,
63358,
63407,
63420,120.0 volt
63437,
63440,
63464,
63551,
63554,
63584,
63633,
63643,
63669,234.0 volt
63697,16.0 volt
63713,
63715,
63730,
63750,
63761,20.0 volt
63791,
63813,
63828,
63839,
63865,2.0 volt
64038,
64051,
64056,
64077,12.0 volt
64090,
64109,12.0 volt
64125,
64149,
64157,
64169,
64203,
64278,18.0 volt
64280,
64343,
64358,
64371,
64391,
64398,
64400,
64408,
64450,380.0 volt
64464,
64478,
64487,18.0 volt
64504,
64527,
64534,
64546,
64563,
64570,10.0 volt
64607,
64613,
64677,
64679,
64683,
64707,
64722,5.0 volt
64733,
64735,
64874,
64902,
64904,
64935,
64942,
65052,
65075,18.0 volt
65106,
65158,
65167,
65186,
65195,20.0 volt
65198,
65203,
65237,
65284,
65287,
65326,
65328,
65394,
65431,
65436,
65451,
65476,
65560,
65569,
65577,
65580,
65681,
65687,
65693,
65695,
65724,
65744,
65780,
65861,
65867,220.0 volt
65870,
65910,1.2 volt
65943,
65944,
65961,
66048,
66102,24.0 volt
66128,
66189,2.0 volt
66263,3.7 volt
66265,
66286,
66318,
66333,
66340,
66391,
66430,
66454,
66475,
66484,
66512,
66519,
66526,
66529,
66535,
66559,
66580,
66583,
66620,
66637,
66747,
66836,
66845,
66894,
66929,8.0 volt
66950,
66962,
67014,
67022,
67034,
67069,
67109,
67151,240.0 volt
67160,
67180,
67189,
67230,
67235,
67249,
67344,
67348,
67382,
67409,
67413,
67420,
67425,
67468,
67488,
67575,
67597,
67598,
67657,24.0 volt
67678,
67730,
67744,
67758,13.0 volt
67761,12.0 volt
67828,
67840,
67849,
67856,
67865,
67895,
67905,
67944,
67955,
67988,
68001,
68055,
68120,
68127,36.0 volt
68139,
68155,
68178,
68192,5206.0 volt
68329,
68331,12.0 volt
68397,
68452,
68458,
68463,
68503,
68521,
68522,
68551,
68568,
68576,
68617,
68624,
68638,12.0 volt
68685,
68689,
68696,
68714,
68721,
68752,
68759,12.0 volt
68766,
68785,
68819,
68829,
68844,
68849,7.4 volt
68851,
68888,
68915,
68918,
68939,
68982,
69004,
69020,
69035,
69060,
69073,
69081,
69083,
69085,
69101,
69121,
69189,
69199,
69274,24.0 volt
69281,
69288,18.0 volt
69305,12.0 volt
69377,
69407,
69414,
69437,
69488,
69501,20.24 volt
69551,24.0 volt
69561,
69582,
69602,
69644,
69645,
69661,
69670,
69697,
69711,
69718,
69722,
69764,
69784,
69799,
69804,
69817,
69889,
69895,
69951,
69965,
69966,
69982,18.0 volt
70001,
70014,
70022,
70057,
70112,
70181,
70191,
70245,
70274,
70337,
70387,18.0 volt
70422,
70425,
70433,
70440,
70441,
70453,5.0 volt
70493,
70544,
70550,
70588,
70602,
70617,
70623,
70646,
70648,
70684,
70690,
70697,
70793,
70818,
70834,
70846,
70866,
70918,
70999,
71031,
71050,
71151,
71221,3.85 volt
71258,
71275,18.0 volt
71280,
71292,3.7 volt
71313,
71390,
71397,
71420,
71451,
71473,
71492,
71539,
71542,
71609,
71643,
71651,
71660,
71683,
71718,5.0 volt
71768,
71770,
71775,
71804,
71817,
71864,
71919,
71942,
71956,
71963,
71969,
71984,
72011,
72021,
72043,
72147,
72184,
72270,
72347,
72359,
72361,
72385,
72387,
72396,
72404,
72420,
72424,
72470,
72483,
72494,
72558,98.0 volt
72592,
72612,
72622,
72629,
72661,
72698,
72705,
72717,
72725,
72731,
72740,
72807,
72856,
72874,
72898,
72903,
72916,
72979,
72994,
72998,
73048,
73091,
73110,
73130,
73134,
73148,
73155,
73193,
73210,
73223,
73228,
73235,
73251,
73257,
73278,
73293,110.0 volt
73311,
73345,
73347,
73356,
73418,
73458,
73465,
73468,
73480,
73494,
73499,
73508,
73546,
73560,
73574,
73600,
73634,
73652,
73654,
73657,
73677,
73699,
73700,
73717,20.0 volt
73724,
73749,
73821,
73831,12.0 volt
73834,
73836,
73842,
73878,
73884,
73899,
73911,
73946,
73978,
74006,21.0 volt
74015,
74048,
74083,
74115,
74122,
74215,
74220,
74302,
74307,
74332,9.0 volt
74365,
74373,
74380,
74392,
74396,
74428,
74542,
74574,
74576,
74699,
74764,
74786,12.0 volt
74792,
74808,
74811,
74871,
74879,
74921,
74940,
74964,
74988,
75022,12.0 volt
75047,
75072,
75099,
75101,
75134,230.0 volt
75137,
75147,240.0 volt
75150,
75170,12.0 volt
75208,
75244,
75258,
75265,
75277,
75294,
75298,
75305,
75313,
75317,
75353,
75369,
75452,
75473,
75483,
75489,
75504,
75519,
75528,120.0 volt
75589,
75594,
75598,
75615,
75618,120.0 volt
75633,9.0 volt
75678,
75690,
75730,
75750,7123682016.0 volt
75780,7982.0 volt
75806,
75819,
75824,
75834,
75927,
75934,115.0 volt
75942,
75944,
76070,
76096,
76121,
76127,
76137,
76146,12.0 volt
76155,
76174,
76175,
76196,
76202,
76229,
76237,
76347,
76375,
76405,24.0 volt
76496,
76501,
76529,
76547,
76597,
76641,
76660,
76669,
76728,
76747,
76754,
76759,
76764,
76791,
76797,
76829,
76832,
76854,
76855,5.0 volt
76892,
76927,
76985,
77025,
77060,
77065,7.4 volt
77108,94.0 volt
77116,
77168,
77171,12.0 volt
77204,
77288,35.0 volt
77351,
77419,120.0 volt
77638,1.1 volt
77645,3.7 volt
77769,5.0 volt
78095,
78241,
79050,
79220,
79446,
79646,
79813,
79952,12.0 volt
80656,
81272,
81953,24.0 volt
82094,
82108,
82344,
83015,5.0 volt
83340,
83472,
83518,
83614,
83802,
84232,
84459,
84538,
84971,
85395,
85814,1.2 volt
85986,
86735,
86836,
87450,5.0 volt
87863,110.0 volt
87943,
89014,24.0 volt
89676,
90460,
90479,
90543,
90720,
90862,
90870,
90933,
91021,
91346,5.0 volt
91399,7.4 volt
91657,
91768,
92156,
92261,
92366,
92518,
92810,
92917,100.0 volt
93180,
93552,
93896,
94902,
94928,
95323,
95543,
95563,240.0 volt
95777,110.0 volt
95902,200.0 volt
96003,
96227,
97180,
97908,
98890,
99138,
99141,
99434,120.0 volt
99855,
99956,
100542,
100738,
100747,
100845,5.0 volt
100871,
100894,
101143,12.0 volt
101196,
101688,
101884,
102027,1.1 volt
102354,
102527,
102608,
102610,
102653,
102963,
103264,35.0 volt
103525,
104200,120.0 volt
104359,
104431,
105400,12.0 volt
105983,
106805,120.0 volt
106815,
107883,
107905,
108340,
108427,
108438,220.0 volt
108457,240.0 volt
108478,1.35 volt
108491,
108494,
108495,
108501,
108508,
108512,
108543,
108555,12.0 volt
108607,
108610,
108654,
108668,
108669,
108671,240.0 volt
108701,2.0 volt
108708,
108714,
108719,110.0 volt
108729,
108762,5.0 volt
108767,
108777,
108817,
108819,
108828,
108854,
108890,
108894,
108913,1.0 volt
108937,
108951,
108972,
108985,12.0 volt
108989,
109014,
109021,
109058,
109059,
109078,
109089,
109095,
109100,
109118,
109119,
109148,
109151,
109155,
109165,240.0 volt
109174,240.0 volt
109199,
109202,
109238,
109239,
109263,
109282,
109306,
109313,
109331,
109352,
109362,
109366,
109384,
109432,
109437,
109463,1.2 volt
109470,
109495,
109501,
109522,5.0 volt
109537,
109540,
109564,
109572,
109582,
109585,5.0 volt
109612,
109633,
109661,115.0 volt
109677,
109692,110.0 volt
109713,
109757,
109776,
109781,
109785,
109845,
109847,24.0 volt
109852,
109854,
109889,
109891,
109899,1.2 volt
109900,
109902,
109904,12.0 volt
109931,
109932,
109937,
109939,
109945,
109981,
109985,
109988,
109998,
110017,
110041,
110045,
110062,
110082,1.5 volt
110090,
110118,
110149,
110160,
110192,
110204,
110211,120.0 volt
110220,
110233,12.0 volt
110241,
110251,
110262,
110275,
110277,
110294,12.0 volt
110309,
110327,
110336,
110338,
110358,
110372,
110425,
110436,
110442,
110480,
110489,1.2 volt
110490,
110491,30.0 volt
110498,
110509,
110517,
110574,
110598,
110627,
110635,
110651,
110664,
110672,
110678,1.35 volt
110681,
110684,
110709,5.0 volt
110721,
110743,
110752,
110758,
110762,62.0 volt
110782,
110785,
110795,12.0 volt
110816,
110818,12.0 volt
110929,
110963,48.0 volt
111031,
111041,
111049,220.0 volt
111113,
111147,115.0 volt
111210,
111212,
111231,
111233,
111257,
111279,
111283,
111304,
111312,
111315,
111319,
111325,
111334,
111365,
111369,1.2 volt
111402,
111409,
111414,
111443,
111453,
111455,
111485,
111488,
111501,
111512,1.35 volt
111535,
111555,
111604,
111612,
111654,
111666,
111690,220.0 volt
111723,
111763,
111767,988.0 volt
111770,12.0 volt
111790,
111813,220.0 volt
111839,
111844,
111850,
111889,
111896,
111903,5.0 volt
111925,
111951,
111990,
111998,
112002,
112005,110.0 volt
112025,
112082,
112088,
112102,
112104,
112116,
112171,
112173,
112178,220.0 volt
112181,
112204,
112218,
112224,
112227,
112244,
112245,
112254,
112265,
112291,220.0 volt
112294,7.0 volt
112298,
112346,
112376,
112378,
112396,
112400,251.0 volt
112434,
112458,
112470,
112489,
112491,
112497,
112500,
112505,
112517,
112567,
112580,
112585,12.0 volt
112595,
112603,
112611,
112617,
112634,
112638,
112657,12.0 volt
112660,110.0 volt
112743,
112755,12.0 volt
112766,
112842,
112887,
112889,
113016,
113043,240.0 volt
113057,3.7 volt
113063,12.0 volt
113077,12.0 volt
113101,110.0 volt
113113,12.0 volt
113135,
113142,
113164,24.0 volt
113165,
113170,
113188,
113223,
113226,
113230,
113267,24.0 volt
113338,
113345,
113360,
113363,
113368,
113375,
113394,120.0 volt
113419,
113426,
113427,
113452,
113462,24.0 volt
113466,
113482,
113486,
113497,
113501,110.0 volt
113508,
113513,
113515,12.0 volt
113518,5.0 volt
113557,1.5 volt
113572,120.0 volt
113575,
113604,1.2 volt
113607,
113622,
113628,
113638,
113655,
113671,
113728,
113732,
113740,
113745,240.0 volt
113762,
113765,
113835,48.0 volt
113854,
113859,
113867,
113884,
113905,
113943,
113954,
113980,
113993,5.0 volt
114004,220.0 volt
114010,
114037,12.0 volt
114041,
114063,120.0 volt
114065,
114098,
114120,
114134,12.0 volt
114138,
114145,
114204,12.0 volt
114208,
114220,
114251,
114314,
114318,
114322,
114351,
114355,
114357,
114402,
114404,
114431,16.0 volt
114434,
114447,
114453,
114493,115.0 volt
114519,
114538,
114545,
114559,
114607,
114665,1.2 volt
114675,
114677,
114723,24.0 volt
114733,
114746,
114755,
114775,
114793,
114847,1.2 volt
114874,
114930,8.0 volt
114934,
114940,
114943,
114947,
114980,1.2 volt
115023,
115038,
115141,
115148,12.0 volt
115229,
115285,
115290,
115340,
115342,220.0 volt
115363,1.5 volt
115389,
115407,
115448,
115454,
115461,
115477,1.5 volt
115488,
115496,
115514,
115531,
115621,1.1 volt
115640,1.5 volt
115668,
115690,1.8 volt
115732,1.2 volt
115755,
115769,14.4 volt
115819,
115821,
115907,
115935,240.0 volt
115943,
115985,
115987,
115998,
116000,
116025,1.38 volt
116038,
116048,
116116,
116118,
116124,
116146,1.35 volt
116189,
116216,1.5 volt
116247,
116250,
116282,
116333,1.35 volt
116351,
116432,
116435,
116437,
116442,2.0 volt
116476,
116477,
116497,
116508,
116514,
116536,
116540,24.0 volt
116586,
116600,1.5 volt
116656,1.35 volt
116700,1.1 volt
116713,
116717,
116718,
116723,12800.0 volt
116735,1.35 volt
116748,
116798,
116800,1.5 volt
116813,
116865,1.2 volt
116874,
116890,
116903,
116950,
116989,
117002,
117008,
117042,110.0 volt
117045,
117124,
117139,5.0 volt
117152,5.0 volt
117165,1.35 volt
117201,
117236,1.1 volt
117278,
117291,
117295,
117296,
117313,12.0 volt
117352,
117353,5.0 volt
117376,
117403,
117406,115.0 volt
117423,
117436,
117438,
117440,
117450,
117463,
117475,1.35 volt
117480,
117485,
117492,
117493,1.5 volt
117499,
117507,
117518,
117538,
117609,
117659,
117663,
117719,
117734,
117741,
117835,
117861,1.1 volt
117881,120.0 volt
117891,12.0 volt
117893,50201.0 volt
117907,
117962,1.5 volt
117968,
118022,1.2 volt
118039,
118044,
118095,1.2 volt
118113,
118141,5.0 volt
118167,
118191,1.5 volt
118192,
118216,
118218,
118227,3.0 volt
118235,
118310,
118342,1.35 volt
118367,1.5 volt
118376,5.0 volt
118403,
118405,
118429,
118524,1.8 volt
118536,
118574,1.1 volt
118590,
118601,12.0 volt
118624,
118638,944.0 volt
118650,1.2 volt
118672,7.4 volt
118683,
118710,
118716,
118740,5.0 volt
118756,
118819,115.0 volt
118840,
118868,
118885,
118942,12.0 volt
118946,
118975,
118980,1.35 volt
118987,2.0 volt
119003,
119035,12.0 volt
119042,115.0 volt
119064,
119074,
119078,1.2 volt
119084,
119088,
119108,
119131,1.2 volt
119157,
119161,115.0 volt
119212,
119228,
119246,
119250,
119254,
119256,1.35 volt
119302,
119343,
119399,
119467,1.2 volt
119567,12.0 volt
119571,1.2 volt
119603,
119608,
119613,
119659,
119674,
119676,1.5 volt
119723,1.2 volt
119735,
119748,
119766,
119778,
119784,
119810,1.8 volt
119832,
119848,
119897,24.0 volt
119943,1.2 volt
119977,
120038,1.35 volt
120054,
120061,
120257,
120259,
120297,1.2 volt
120302,1.1 volt
120306,4.38 volt
120318,
120322,18.0 volt
120333,
120344,1.2 volt
120348,
120383,115.0 volt
120390,1.2 volt
120408,
120429,120.0 volt
120445,48.0 volt
120458,1.2 volt
120511,
120528,
120558,110.0 volt
120572,
120604,
120621,
120629,1.2 volt
120645,
120662,
120664,
120684,110.0 volt
120693,1.35 volt
120738,1.35 volt
120753,
120768,
120774,
120788,
120793,
120799,
120801,
120808,115.0 volt
120813,
120820,
120823,
120852,
120865,
120886,
120898,
120915,14.8 volt
120931,1.1 volt
120943,
120959,1.2 volt
120965,
120975,
120988,1.1 volt
120999,
121021,
121115,
121128,
121185,
121227,
121254,
121317,
121328,
121367,
121386,
121410,
121429,
121450,1.1 volt
121458,
121475,
121479,
121542,
121555,1.35 volt
121556,
121577,1.2 volt
121585,
121607,
121615,1.5 volt
121620,
121674,
121695,1.35 volt
121724,
121742,
121799,
121804,
121825,
121828,
121854,1.38 volt
121896,
121907,
121914,
121921,15.0 volt
121938,
121941,
121990,
121999,12.0 volt
122014,1.2 volt
122098,
122103,1.2 volt
122139,12.0 volt
122142,
122166,5.0 volt
122171,
122174,
122193,1.35 volt
122197,1.1 volt
122213,
122270,12800.0 volt
122280,1.2 volt
122313,
122338,
122420,
122487,
122507,2.0 volt
122551,
122584,
122604,1.2 volt
122606,
122665,12.0 volt
122682,1.5 volt
122684,
122703,
122711,
122731,
122750,1.5 volt
122770,
122828,
122847,
122917,
122984,
123012,120.0 volt
123018,
123053,
123062,
123091,
123112,
123122,120.0 volt
123137,1.5 volt
123148,
123164,
123166,
123168,
123178,5.0 volt
123182,24.0 volt
123219,
123261,
123287,
123325,24.0 volt
123380,
123408,
123442,12.0 volt
123455,
123456,
123491,2.0 volt
123504,5.0 volt
123528,5.0 volt
123542,
123570,
123587,240.0 volt
123639,
123723,
123737,7.4 volt
123764,1.2 volt
123783,
123821,220.0 volt
123823,
123825,
123871,1.0 volt
123897,
123958,
124047,
124144,1.8 volt
124146,
124182,1.2 volt
124184,
124195,
124267,1.1 volt
124304,
124305,1.2 volt
124334,120.0 volt
124338,
124365,
124373,1.2 volt
124390,
124413,
124416,
124417,
124423,
124533,
124538,
124554,
124559,12.0 volt
124574,5.0 volt
124609,
124617,
124618,1.35 volt
124621,
124655,
124658,1.2 volt
124665,
124667,
124674,
124767,
124793,
124847,
124871,
124902,2.0 volt
124911,
124968,1.5 volt
125010,1.2 volt
125031,
125068,
125091,
125092,1.2 volt
125107,1.1 volt
125127,1.5 volt
125133,
125172,1.2 volt
125176,
125205,1.2 volt
125207,
125227,
125252,
125269,
125324,
125387,
125399,
125403,
125421,
125428,
125460,12.0 volt
125504,1.5 volt
125540,
125561,
125577,115.0 volt
125599,
125602,
125604,
125630,
125659,1.5 volt
125727,
125738,
125745,
125810,
125833,
125848,
125899,
125909,
125940,
125967,
125973,1.5 volt
125995,1.2 volt
126021,
126050,
126068,1.5 volt
126071,
126079,1.5 volt
126087,1.2 volt
126096,
126129,
126190,1.2 volt
126191,1.2 volt
126202,1.5 volt
126215,115.0 volt
126223,
126278,1.2 volt
126291,
126350,
126355,1.8 volt
126363,2.0 volt
126377,2.0 volt
126454,
126494,4.0 volt
126546,
126565,
126568,
126572,1.35 volt
126581,
126584,
126604,1.35 volt
126615,2.0 volt
126627,
126647,
126676,
126717,
126723,
126755,
126791,1.1 volt
126792,
126828,
126830,
126869,115.0 volt
126911,
126930,
126937,
126952,
127086,
127087,
127095,
127101,1.35 volt
127119,
127122,1.35 volt
127125,1.35 volt
127131,
127135,
127141,1.8 volt
127143,3.3 volt
127161,
127164,1.5 volt
127168,191.2 volt
127184,
127209,
127211,
127217,1.2 volt
127225,1.2 volt
127227,
127248,1.2 volt
127252,
127254,
127278,
127316,
127317,
127367,1.5 volt
127371,
127400,
127415,1.5 volt
127424,
127443,
127453,1.8 volt
127459,1.2 volt
127489,1.2 volt
127509,
127537,1.5 volt
127557,
127587,1.2 volt
127608,1.5 volt
127619,
127624,
127640,
127683,
127704,
127725,
127783,1.2 volt
127812,
127815,1.35 volt
127821,
127835,2.0 volt
127845,1.5 volt
127871,
127874,
127883,33.0 volt
127886,
127930,
127969,
128014,
128023,
128033,1.5 volt
128050,1.5 volt
128053,
128058,1.2 volt
128074,1.2 volt
128123,
128135,
128162,1.2 volt
128172,
128176,
128199,
128206,
128211,1.5 volt
128219,1.8 volt
128275,
128283,
128296,
128297,1.2 volt
128333,
128347,
128359,1.5 volt
128394,
128408,1.8 volt
128409,1.2 volt
128418,
128450,
128454,
128460,1.2 volt
128481,1.2 volt
128527,
128569,1.35 volt
128587,
128625,
128650,
128653,
128673,
128695,28.0 volt
128726,1.2 volt
128760,
128793,
128801,1.2 volt
128825,1.8 volt
128827,
128848,
128909,1.2 volt
128951,
128958,1.2 volt
128987,
128991,5.0 volt
128996,
129016,1.2 volt
129022,1.5 volt
129025,1.5 volt
129047,
129072,5.0 volt
129106,1.8 volt
129108,
129131,220.0 volt
129156,
129162,1.2 volt
129211,
129233,
129272,
129276,1.2 volt
129289,1.5 volt
129291,
129331,
129337,1.8 volt
129342,
129352,
129364,1.2 volt
129376,1.35 volt
129378,
129386,
129448,
129456,
129514,
129518,
129545,
129549,1.2 volt
129577,
129600,
129615,5.0 volt
129617,
129633,1.2 volt
129638,
129645,1.2 volt
129663,
129672,
129677,28.0 volt
129713,
129718,1.2 volt
129722,1.2 volt
129739,
129743,
129756,
129785,
129791,
129800,
129808,110.0 volt
129818,1.35 volt
129819,1.2 volt
129849,1.2 volt
129870,1.2 volt
129883,
129885,1.2 volt
129902,1.2 volt
129912,1.35 volt
129937,115.0 volt
129940,
129943,1.2 volt
129947,
129984,28.0 volt
129997,2.0 volt
130018,
130023,1.2 volt
130073,
130075,1.5 volt
130094,
130109,
130111,2.0 volt
130115,
130165,1.2 volt
130176,
130210,
130212,
130220,
130240,1.2 volt
130279,
130286,
130293,
130294,1.2 volt
130302,
130310,110.0 volt
130315,1.35 volt
130316,
130352,
130361,
130375,
130377,1.2 volt
130378,
130418,1.2 volt
130492,
130536,
130551,
130554,
130573,
130583,1.2 volt
130650,1.2 volt
130660,
130672,
130711,
130716,
130723,1.2 volt
130730,
130754,1.5 volt
130781,
130845,1.2 volt
130849,
130878,
130882,
130891,1.2 volt
130899,1.2 volt
130914,220.0 volt
130975,
131067,1.35 volt
131079,
131116,1.5 volt
131125,
131128,
131178,240.0 volt
131188,1.35 volt
131215,1.35 volt
131224,
131225,5.0 volt
131276,1.2 volt
18,2.0 watt
38,
52,
59,
74,1500.0 watt
87,
102,
112,650.0 watt
115,
166,
183,
205,
217,
229,
277,
298,
302,
324,
335,
339,
377,
385,
406,
414,
421,
443,
445,
465,
472,
584,
597,
607,
615,
621,
644,
652,
695,
723,
730,
744,400.0 watt
772,
775,
780,
809,
816,2.0 watt
824,
845,
851,
886,
900,
914,2204.0 watt
920,
934,
941,
969,
1013,3.0 watt
1034,
1048,12.0 watt
1060,
1082,
1127,
1132,
1271,
1278,
1305,
1354,
1371,
1411,
1414,
1427,
1440,
1446,
1448,
1466,
1516,
1535,
1550,
1556,
1579,
1583,
1618,1500.0 watt
1622,
1627,
1663,
1666,
1670,
1699,
1724,
1738,
1746,
1754,
1759,
1780,
1824,
1847,
1867,
1878,
1879,
1938,
1941,
1954,
1985,
2004,
2011,
2059,
2094,
2099,
2108,
2118,
2125,
2136,
2139,
2144,
2148,
2167,
2177,
2186,
2225,
2241,
2245,
2260,1.0 watt
2263,
2276,
2277,
2287,
2295,
2324,
2348,
2352,200.0 watt
2383,700.0 watt
2404,
2431,
2436,
2444,
2451,
2461,
2480,
2489,
2511,
2522,
2526,
2542,
2564,2000.0 watt
2570,
2580,
2583,60.0 watt
2617,
2628,
2633,
2644,
2653,
2685,
2689,
2734,
2735,
2737,
2759,1570.0 watt
2778,
2813,
2816,
2826,
2829,
2833,
2845,
2863,
2866,5.0 watt
2896,
2917,
2954,
2956,
2978,
2989,
2997,
3013,
3015,
3018,
3035,
3039,
3051,
3062,
3075,
3082,120.0 watt
3101,
3121,
3125,
3146,
3147,
3176,
3183,
3194,
3197,
3200,250.0 watt
3211,
3216,
3222,
3239,
3244,
3253,
3254,
3266,1300.0 watt
3274,
3292,48.0 watt
3328,
3360,
3367,1000.0 watt
3381,1800.0 watt
3398,
3415,
3427,
3454,
3469,8.0 watt
3489,
3521,
3542,2.0 watt
3567,
3578,
3582,
3600,38.0 watt
3630,1700.0 watt
3640,
3654,
3711,
3717,
3720,
3743,
3749,
3773,
3808,
3810,
3827,
3834,
3851,
3929,
3947,
3973,2400.0 watt
3975,
3985,
3989,
4024,
4039,
4068,1800.0 watt
4079,
4084,
4091,
4140,
4142,
4144,
4149,
4152,700.0 watt
4201,60.0 watt
4202,
4211,
4216,
4234,
4279,
4281,
4303,
4305,
4308,
4332,
4348,
4353,1350.0 watt
4369,
4392,
4405,
4446,
4453,
4460,
4492,
4495,
4500,
4504,
4512,
4514,
4543,
4545,
4575,
4606,
4631,
4638,
4664,
4683,
4704,
4722,
4723,
4754,
4770,
4784,
4788,
4790,600.0 watt
4793,
4795,
4808,
4838,
4840,
4859,
4872,
4877,
4890,12.0 watt
4897,
4898,800.0 watt
4904,
4932,
4941,
4964,
4972,
4986,44.0 watt
4992,
4998,
5000,
5022,
5033,
5049,1300.0 watt
5053,
5076,8.0 watt
5079,
5086,
5096,
5123,
5129,
5141,
5153,
5164,
5182,
5196,1000.0 watt
5198,
5205,1300.0 watt
5222,
5250,700.0 watt
5259,
5264,
5286,1500.0 watt
5297,
5304,
5322,
5328,
5339,
5341,
5348,
5351,
5386,
5399,
5415,10.0 watt
5428,
5447,
5454,
5459,
5465,45.0 watt
5484,
5491,
5499,
5506,
5527,
5538,
5570,
5585,1600.0 watt
5591,
5602,
5605,
5657,8.0 watt
5664,120.0 watt
5667,1450.0 watt
5688,
5693,
5714,
5730,
5734,
5740,
5785,
5814,
5839,
5892,300.0 watt
5900,
5904,
5955,
5967,1200.0 watt
5983,
5992,
6013,
6054,
6112,
6129,
6132,
6154,
6159,600.0 watt
6162,
6167,
6169,
6198,
6203,
6239,
6242,
6258,
6265,1.8 watt
6275,
6305,17.0 watt
6312,
6334,
6358,
6366,
6378,650.0 watt
6403,
6411,
6450,
6480,
6487,1100.0 watt
6503,100.0 watt
6510,
6526,
6534,
6541,
6557,
6562,
6566,
6572,
6575,
6583,
6595,
6632,
6643,90.0 watt
6647,
6651,
6654,
6664,
6690,
6693,
6763,
6767,1200.0 watt
6770,
6776,
6781,
6802,
6806,
6815,
6820,
6824,
6843,
6858,
6867,
6869,
6875,
6896,
6903,
6909,
6922,10.2 watt
6948,
6952,
6959,
6966,
6979,
6996,37.0 watt
7006,1000.0 watt
7009,
7010,300.0 watt
7035,
7042,
7044,
7058,
7077,
7085,
7088,
7095,600.0 watt
7101,1700.0 watt
7127,
7133,
7135,
7152,
7155,
7203,
7206,
7235,
7241,
7260,
7287,
7299,
7350,
7358,
7362,
7416,
7441,
7477,
7479,6.0 watt
7489,
7509,
7517,1350.0 watt
7523,800.0 watt
7548,
7566,
7570,
7606,
7611,
7623,
7634,
7648,
7650,
7656,
7687,
7696,280.0 watt
7709,
7711,
7716,
7719,
7738,
7740,
7747,7.0 watt
7755,
7764,
7773,
7793,
7818,
7826,45.0 watt
7837,1460.0 watt
7842,
7844,1600.0 watt
7846,
7856,300.0 watt
7861,
7908,
7915,
7919,100.0 watt
7923,1370.0 watt
7946,
7961,
7992,
8012,
8018,
8030,
8045,
8056,
8064,
8073,
8099,
8103,
8123,
8148,
8157,
8165,
8172,
8195,30.0 watt
8197,
8206,
8210,
8213,
8258,
8269,
8291,1360.0 watt
8302,
8310,
8327,
8339,
8349,
8366,
8369,
8387,
8388,
8403,
8415,
8420,
8424,
8433,25.0 watt
8436,
8456,
8462,
8472,
8474,
8497,
8501,
8511,
8516,
8551,
8557,
8581,
8589,
8637,
8658,
8684,
8688,
8691,
8702,
8708,
8732,
8756,
8764,
8784,
8789,
8817,
8831,
8840,
8842,
8844,
8852,
8854,
8873,
8879,
8910,
8918,
8920,300.0 watt
8923,
8936,
8979,
8996,
8999,
9011,
9016,
9019,
9036,1450.0 watt
9048,
9055,
9059,
9060,60.0 watt
9065,
9097,
9101,
9118,
9122,
9127,
9134,
9189,
9206,
9228,8.0 watt
9247,
9291,
9312,
9314,
9326,
9351,
9360,
9379,
9393,
9398,
9417,
9477,
9482,
9494,
9514,
9516,
9523,
9536,
9545,
9607,
9632,
9661,
9669,
9674,
9680,
9703,
9712,
9728,
9739,
9742,
9749,
9759,
9763,
9772,1.0 watt
9776,
9781,
9785,
9788,
9804,
9820,
9834,
9867,
9896,
9911,
9923,
9930,
9962,20.0 watt
10029,
10055,
10066,
10119,
10126,
10129,
10159,
10164,
10178,
10200,
10207,
10219,
10223,
10231,
10235,
10242,
10262,6.0 watt
10274,
10277,
10330,43.0 watt
10392,
10401,
10408,
10433,
10436,
10449,
10459,56.0 watt
10531,
10535,
10551,
10555,
10570,
10573,
10580,
10588,
10592,
10603,
10609,
10621,
10639,
10722,
10733,
10764,
10804,
10817,
10820,
10823,
10834,
10854,
10856,
10877,
10901,
10918,
10945,
10953,
10963,
11041,
11063,
11073,
11084,
11091,
11125,
11147,1.0 watt
11149,
11210,
11218,
11225,
11231,
11237,
11248,4300.0 watt
11259,
11315,
11323,
11335,
11344,
11355,5.0 watt
11359,1360.0 watt
11374,
11380,
11392,
11397,
11412,
11422,38.0 watt
11426,
11440,800.0 watt
11465,
11520,
11546,
11547,
11565,
11573,
11592,
11598,56.0 watt
11624,
11643,
11656,1000.0 watt
11672,1000.0 watt
11687,
11691,
11693,
11699,
11716,
11719,
11757,
11770,6.0 watt
11771,
11782,
11786,
11789,
11791,
11838,
11847,
11863,1350.0 watt
11873,
11897,
11906,
11910,
11936,
11940,
11943,
12000,6.0 kilowatt
12075,
12095,
12143,
12237,
12249,
12298,
12310,
12339,
12343,
12351,
12359,
12363,
12380,
12382,
12399,
12406,
12408,
12438,
12440,
12464,
12468,
12472,25.0 watt
12498,
12524,
12596,
12604,
12616,
12654,
12674,
12680,
12697,36.0 watt
12708,
12729,
12730,1750.0 watt
12744,
12753,900.0 watt
12771,
12775,
12793,700.0 watt
12800,
12805,
12806,
12810,
12814,
12827,
12833,
12837,
12839,
12850,
12853,
12889,
12914,
12934,
12937,
13009,
13055,
13066,
13068,
13075,
13089,
13123,
13130,
13142,
13182,
13207,
13215,
13218,
13225,
13264,
13290,
13293,
13306,
13311,
13319,800.0 watt
13330,
13339,
13385,
13420,
13425,
13476,
13481,1500.0 watt
13498,
13508,
13522,
13530,
13536,1500.0 watt
13556,
13557,
13579,
13595,
13619,
13654,
13672,
13674,
13680,
13703,
13708,10.0 watt
13740,
13748,
13788,
13803,
13855,
13866,
13868,
13883,
13890,
13896,
13909,
13912,600.0 watt
13934,
13941,8.0 watt
13958,
13962,
13969,
13975,2200.0 watt
14005,
14028,
14036,
14042,
14047,
14061,
14114,
14145,
14161,600.0 watt
14164,
14166,
14226,
14246,
14268,
14272,
14304,
14309,0.43 watt
14321,
14328,
14336,
14356,
14360,
14364,
14382,
14392,
14400,1450.0 watt
14403,
14413,
14448,
14460,
14463,
14511,
14517,
14533,
14553,300.0 watt
14557,32.64 watt
14563,
14577,1.0 watt
14608,
14611,
14614,
14651,36.0 watt
14659,
14665,
14686,
14721,
14725,
14728,
14779,
14791,
14805,1500.0 watt
14830,
14837,
14864,
14873,
14886,
14887,
14894,7.0 watt
14923,
14924,
14945,
14949,
14952,640.0 watt
14957,26.0 watt
14963,
14984,
15010,
15022,
15042,
15059,
15073,
15086,
15089,
15092,
15165,
15177,
15226,1000.0 watt
15232,
15240,
15245,
15263,
15275,
15278,
15291,
15297,
15308,
15346,
15372,
15375,
15381,
15387,
15408,
15413,
15465,
15470,
15472,
15477,
15481,800.0 watt
15489,
15495,
15500,
15503,
15509,
15511,
15520,
15525,
15568,
15572,
15573,
15583,
15586,2480.0 watt
15593,
15601,
15609,
15641,
15648,1500.0 watt
15660,
15665,
15672,3060.0 watt
15674,2.0 watt
15697,
15721,
15741,
15777,
15803,
15833,
15846,60.0 watt
15863,
15880,
15909,
15921,
15935,80.0 watt
15945,
15950,
15954,4.0 watt
15983,600.0 watt
15985,
15991,
15992,
16001,
16043,
16072,800.0 watt
16090,
16109,
16126,3.0 watt
16130,
16133,
16140,
16165,
16173,4.0 watt
16179,
16208,
16211,
16238,1800.0 watt
16242,
16248,
16284,5.0 watt
16285,
16293,
16312,
16317,
16327,
16330,
16332,
16344,
16351,
16386,
16391,
16402,1600.0 watt
16420,
16423,
16425,
16440,
16441,
16445,
16457,
16477,
16481,
16483,
16486,1500.0 watt
16540,
16558,3000.0 watt
16574,
16585,
16605,
16608,
16609,
16648,1200.0 watt
16673,1500.0 watt
16697,800.0 watt
16712,
16743,
16750,
16760,
16765,
16768,
16802,
16808,
16809,
16829,
16842,
16848,
16891,
16926,
16938,
16943,
16953,
16973,
16980,
16990,
17011,
17050,
17057,45.0 watt
17061,
17084,
17099,
17112,
17132,1230.0 watt
17138,
17175,26.0 watt
17177,
17194,
17212,
17233,
17262,
17272,
17275,
17348,
17351,
17379,
17411,40.0 watt
17425,
17469,
17482,800.0 watt
17488,
17503,120.0 watt
17507,
17524,
17528,1700.0 watt
17556,1100.0 watt
17566,
17569,
17584,
17604,
17609,
17626,
17631,
17644,2095.0 watt
17682,
17688,
17693,25.0 watt
17740,
17780,
17788,
17790,
17793,
17799,
17806,10.0 watt
17813,
17816,1500.0 watt
17827,
17840,
17845,3000.0 watt
17882,
17886,
17913,
17922,
17926,
17944,
17950,
17954,
17992,
18013,
18023,
18035,
18060,
18075,1100.0 watt
18080,1000.0 watt
18101,661.0 watt
18107,
18147,
18152,
18179,
18182,
18230,
18231,
18232,
18257,
18272,
18303,
18319,
18351,301.0 watt
18387,1500.0 watt
18448,
18458,
18463,
18542,
18553,
18567,
18571,
18577,
18589,14.4 watt
18599,
18620,
18635,
18642,
18646,
18658,
18673,
18682,
18749,3060.0 watt
18755,
18767,
18775,
18795,
18802,
18814,
18862,
18884,
18958,
19014,
19105,
19144,
19146,
19190,
19211,
19240,
19263,1400.0 watt
19272,
19303,
19337,700.0 watt
19353,1050.0 watt
19368,
19370,
19416,
19438,750.0 watt
19493,1500.0 watt
19533,
19556,
19582,13.0 watt
19631,1000.0 watt
19682,2.0 watt
19706,
19709,
19759,
19794,
19827,
19832,
19850,32.0 watt
19851,460.0 watt
19858,
19872,15.0 watt
19884,45.0 watt
19900,
20021,
20182,49.0 watt
20187,
20229,
20243,
20270,1300.0 watt
20323,
20359,
20410,
20413,
20492,
20502,
20527,
20540,
20556,
20598,
20600,
20628,
20663,
20677,
20718,
20748,1200.0 watt
20781,
20927,150.0 watt
21008,
21038,
21072,
21086,
21088,
21126,
21180,
21205,
21222,800.0 watt
21288,
21320,
21375,1200.0 watt
21381,
21398,
21489,
21501,1000.0 watt
21504,
21555,
21561,
21657,
21686,
21726,
21803,1475.0 watt
21832,
21841,
21864,180.0 watt
21877,
21886,
21910,
21952,
22025,
22044,
22052,
22106,48.0 watt
22138,
22140,
22169,1000.0 watt
22176,20.0 watt
22180,
22220,88.0 watt
22221,
22225,
22255,
22272,
22289,
22315,
22332,
22348,30.0 watt
22357,
22368,3.0 watt
22433,
22490,
22497,
22522,
22550,1400.0 watt
22562,
22575,
22642,
22676,
22700,160.0 watt
22754,
22775,300.0 watt
22849,
22895,
22949,
22984,500.0 watt
23021,
23042,
23087,
23105,1700.0 watt
23123,
23200,
23248,
23306,
23315,
23372,
23410,
23414,
23502,
23568,
23573,
23663,
23683,
23720,
23743,2200.0 watt
23751,
23768,
23797,
23799,
23814,
23823,
23849,400.0 watt
23961,1000.0 watt
23981,
24007,
24034,
24136,13.0 watt
24162,
24235,500.0 watt
24256,4.0 watt
24263,1500.0 watt
24281,
24338,
24351,
24359,
24402,
24418,260.0 watt
24441,
24499,
24553,60.0 watt
24608,
24628,
24648,
24661,
24665,
24687,
24697,
24740,
24753,
24756,
24874,600.0 watt
24877,
24889,
24944,
24965,
24972,
25011,1800.0 watt
25078,
25150,
25165,
25178,
25202,
25215,
25220,
25254,
25265,
25276,
25289,1100.0 watt
25308,
25313,
25328,
25420,
25422,
25438,
25475,
25486,
25611,
25696,
25713,6.0 watt
25761,
25766,600.0 watt
25782,
25826,
25831,
25836,
25843,
25851,
25920,
25967,
26004,
26010,
26019,
26025,
26030,
26037,
26046,
26055,
26068,
26070,
26073,
26102,
26141,
26232,
26304,
26307,
26340,
26372,
26474,44.0 watt
26582,1.0 watt
26591,21.0 watt
26602,
26661,
26665,
26668,
26680,
26760,
26768,
26821,
26844,
26848,
26876,
26945,
26950,
26959,1300.0 watt
26992,
27065,
27073,
27100,1800.0 watt
27122,
27179,5.0 watt
27210,
27213,
27261,
27303,
27304,
27351,
27385,
27429,
27471,
27483,
27514,
27523,
27547,1000.0 watt
27597,
27657,
27719,
27735,
27750,
27897,
27903,
27920,
27962,37.0 watt
27985,
27994,1.0 watt
28010,
28054,11.2 watt
28171,8.0 watt
28201,
28207,
28216,
28222,
28235,40.0 watt
28236,
28251,
28261,1500.0 watt
28277,
28295,
28331,
28412,
28434,
28442,800.0 watt
28458,
28461,
28541,
28547,
28551,
28573,100.0 watt
28574,
28583,
28662,
28728,
28735,
28763,
28794,
28805,
28822,
28880,
28885,
28890,
28938,
28951,
28955,
29005,
29025,
29076,1700.0 watt
29086,
29166,
29188,
29193,
29224,
29232,
29302,10.0 watt
29319,
29326,
29363,
29424,
29431,200.0 watt
29490,
29567,
29602,
29604,
29618,60.0 watt
29656,
29683,
29720,
29750,
29795,
29856,
29892,
29897,22.0 watt
29901,
29914,
29939,
29971,
29973,
29980,
29987,
30025,
30107,
30155,
30166,
30272,
30282,64.0 watt
30291,
30320,
30332,
30335,
30459,
30520,
30527,
30529,
30530,
30568,
30575,
30597,1800.0 watt
30611,
30616,36.0 watt
30637,
30683,500.0 watt
30711,
30727,
30736,
30743,
30804,
30820,
30839,
30859,
30860,
30893,
30939,
30991,
31033,
31036,
31082,
31117,
31123,
31144,
31173,58.0 watt
31178,
31184,
31238,
31281,
31305,930.0 watt
31311,
31316,
31327,
31348,3500.0 watt
31368,100.0 watt
31380,
31408,
31494,1500.0 watt
31616,
31650,
31668,
31714,
31737,
31800,
31837,950.0 watt
31856,1400.0 watt
31885,
31940,
31967,6.0 kilowatt
31978,
32064,
32209,21.0 watt
32213,1700.0 watt
32246,
32251,125.0 watt
32252,
32285,
32299,
32342,
32349,1900.0 watt
32355,
32371,
32379,
32467,
32489,
32531,
32562,
32585,
32617,
32647,
32707,
32726,
32770,
32789,2265618.0 watt
32803,1700.0 watt
32837,1800.0 watt
32843,
32886,1200.0 watt
32899,
32904,
32912,
32955,
32973,
33022,
33028,
33086,
33107,
33110,
33142,
33196,
33198,350.0 watt
33237,
33270,
33281,
33286,
33359,
33378,1000.0 watt
33386,
33387,
33399,
33401,5.0 watt
33468,
33492,
33557,
33563,
33590,700.0 watt
33593,60.0 watt
33631,
33649,
33659,4.0 watt
33687,500.0 watt
33689,21.0 watt
33702,
33768,1200.0 watt
33787,
33812,
33835,
33862,
33868,
33875,
33878,
33884,
33982,
33989,
33995,30.0 watt
34009,
34055,
34059,1000.0 watt
34078,
34122,
34177,500.0 watt
34203,
34217,
34295,
34296,
34319,1260.0 watt
34419,
34431,
34481,
34530,
34573,
34581,
34639,
34651,
34713,
34727,
34770,
34788,
34843,
34902,
34907,
34944,
35003,
35095,
35103,
35144,49.0 watt
35168,6131881.0 watt
35260,
35360,
35388,
35440,
35483,
35488,
35502,
35510,
35534,
35546,
35554,
35652,26.0 watt
35697,120.0 watt
35712,
35734,
35768,
35781,
35793,
35807,
35817,
35899,
35939,
35958,
35983,
36002,
36003,
36007,
36011,26.0 watt
36024,
36106,
36136,
36161,
36175,
36178,5.0 watt
36191,
36277,
36281,
36325,
36328,2.0 watt
36330,
36335,
36356,
36360,24.0 watt
36392,
36400,
36423,
36458,
36486,
36571,100.0 watt
36660,
36670,
36680,
36712,
36739,
36779,
36791,
36874,
36936,
36958,
36976,
36983,
37063,1700.0 watt
37103,60.0 watt
37110,
37176,
37208,
37317,
37343,
37365,
37400,
37407,
37414,
37471,
37517,
37629,
37661,1200.0 watt
37668,309.0 watt
37782,
37799,270.0 watt
37834,
37853,1700.0 watt
37862,1200.0 watt
37870,
37933,
37979,
37988,
38013,44.0 watt
38055,
38147,
38154,
38163,
38167,
38181,
38190,
38196,
38258,
38309,
38340,519.0 watt
38396,
38428,
38482,
38498,
38524,3.0 watt
38549,
38555,
38580,
38659,
38703,
38734,
38739,
38752,
38768,
38772,800.0 watt
38786,
38920,
38995,
39114,24.0 watt
39121,
39127,
39182,1500.0 watt
39242,
39275,
39314,
39329,
39445,
39471,
39499,
39562,3.0 watt
39586,
39588,
39673,
39698,
39722,
39841,
39870,
39878,
39888,
39940,
39963,
39991,
39997,
40003,
40039,
40112,
40180,400.0 watt
40202,
40244,61.0 watt
40266,
40285,
40371,
40377,1506.0 watt
40390,
40424,1200.0 watt
40427,
40434,
40469,
40481,
40506,
40583,
40602,
40634,
40658,
40697,
40709,1500.0 watt
40786,
40836,
40840,
40896,
40963,
41099,
41153,
41157,1350.0 watt
41181,
41208,
41297,
41334,
41339,
41355,
41434,
41522,11.0 watt
41549,
41569,
41578,
41612,
41619,1800.0 watt
41644,
41648,
41685,22.0 watt
41701,
41735,
41753,35.0 watt
41768,
41801,
41930,
41946,
42043,
42057,
42097,
42098,
42117,
42135,
42215,
42246,
42289,
42295,1500.0 watt
42341,
42366,2.0 watt
42371,
42372,37.0 watt
42428,
42436,138.0 watt
42438,
42442,
42460,
42481,
42491,
42545,1500.0 watt
42553,
42555,
42647,
42649,
42657,
42666,
42684,
42709,
42723,
42751,
42758,
42843,
42846,7.0 watt
42854,700.0 watt
42871,
42892,
42913,
43030,
43127,1700.0 watt
43155,
43266,
43367,
43387,
43461,120.0 watt
43468,
43503,
43514,33.0 watt
43556,
43579,36.0 watt
43595,
43610,
43662,
43685,
43693,
43706,900.0 watt
43765,
43782,
43804,
43828,60.0 watt
43845,
43851,
43953,
43970,20.0 watt
43991,
44034,
44048,25.0 watt
44068,
44069,
44079,
44123,
44152,
44155,250.0 watt
44261,
44264,
44314,
44326,
44403,
44436,1600.0 watt
44439,
44462,2.0 watt
44547,
44584,
44602,
44629,20.0 watt
44643,
44709,
44712,3100.0 watt
44754,
44793,
44800,
44844,
44859,
44874,
44881,1700.0 watt
44928,300.0 watt
44940,
44951,
44959,
44964,
44994,
45038,
45104,
45119,
45140,
45156,
45181,
45192,
45209,
45335,600.0 watt
45366,
45437,
45451,
45462,
45476,2.26 watt
45533,
45556,
45561,
45605,
45614,
45665,
45669,21.0 watt
45688,
45719,
45737,
45792,
45800,
45821,40.0 watt
45841,
45851,
45863,
45868,
45870,
45879,
45906,
45924,
45965,36.0 watt
46021,
46048,
46076,
46078,
46096,25.0 watt
46114,
46151,
46217,500.0 watt
46247,
46250,
46284,
46297,
46329,
46381,
46453,
46467,37.0 watt
46489,
46540,1600.0 watt
46601,
46612,
46644,
46685,
46718,
46740,
46753,50.0 watt
46757,
46784,
46815,
46853,
46930,
46995,1700.0 watt
47011,
47014,
47064,
47071,
47095,
47110,
47148,
47191,
47225,
47226,10.0 watt
47247,
47269,
47322,
47338,
47365,
47398,1500.0 watt
47418,60.0 watt
47451,
47459,
47511,
47531,120.0 watt
47548,29.0 watt
47590,
47600,
47603,
47628,1200.0 watt
47653,
47662,
47683,
47696,
47701,
47709,
47716,
47725,
47762,
47779,
47791,1500.0 watt
47815,
47817,
47865,
47938,
47959,39.0 watt
47976,3.0 watt
48083,
48112,
48143,
48198,
48235,
48267,
48282,
48316,
48323,1500.0 watt
48379,
48476,
48480,37.0 watt
48520,
48608,
48637,
48649,45.0 watt
48652,
48654,
48662,
48685,
48706,600.0 watt
48716,
48753,
48771,
48818,
48825,
48849,
48951,
49055,
49092,
49153,
49166,1800.0 watt
49172,45.0 watt
49237,
49253,
49277,1700.0 watt
49341,43.0 watt
49354,
49398,1250.0 watt
49410,
49474,
49478,
49491,
49498,32.0 watt
49501,
49503,
49535,
49559,
49570,
49629,
49686,
49699,60.0 watt
49703,
49739,
49797,
49808,
49830,
49845,
49847,
49950,
49956,
49979,
50073,
50108,
50131,400.0 watt
50138,
50253,
50260,
50272,
50300,
50334,
50399,30.0 watt
50410,
50415,
50450,
50470,125.0 watt
50509,
50539,
50542,
50571,1250.0 watt
50598,
50638,
50724,
50739,1.0 watt
50810,
50846,
50906,
50934,
50941,
50943,
50998,
51018,
51164,
51217,1500.0 watt
51221,1700.0 watt
51237,
51261,
51304,
51343,
51419,
51426,
51482,
51500,6600.0 watt
51508,
51564,
51597,
51662,
51701,
51708,
51712,
51730,
51732,1250.0 watt
51791,
51798,
51851,
51866,
51923,55.0 watt
51942,
51979,
52005,
52024,238.0 watt
52074,
52115,
52116,
52141,
52187,
52191,
52324,35.0 watt
52327,
52352,
52445,
52533,
52599,
52636,
52709,
52750,
52768,
52810,
52849,1500.0 watt
52882,
52914,
52961,
52990,
53087,
53164,
53228,
53248,1200.0 watt
53261,
53315,
53382,
53402,
53416,
53477,
53481,
53561,
53592,
53597,
53600,
53612,45.0 watt
53664,
53810,
53812,
53845,
53868,
53897,
53989,
53995,
54029,
54080,
54102,
54229,550.0 watt
54231,
54280,
54286,
54299,
54308,
54370,
54392,34.0 watt
54434,
54503,36.0 watt
54528,
54535,
54539,
54569,
54606,
54619,0.5 watt
54649,
54655,
54677,21.0 watt
54744,
54746,
54778,
54795,
54821,
54868,
54876,
54908,
54935,
54954,
54993,
55002,
55045,
55051,
55078,
55128,
55132,
55152,
55210,
55230,750.0 watt
55233,
55253,
55270,
55297,
55333,850.0 watt
55359,
55373,
55408,
55431,
55440,
55455,
55463,
55520,32.0 watt
55553,
55574,
55579,
55587,
55619,
55733,
55741,
55783,1000.0 watt
55803,
55812,
55820,
55894,
55926,
55958,
56064,1500.0 watt
56119,
56202,
56242,
56331,
56340,
56378,
56473,
56482,
56524,
56527,
56535,
56570,
56579,120.0 watt
56643,
56664,7.0 watt
56693,105.0 watt
56717,
56732,0.36 watt
56801,200.0 watt
56823,
56828,
56904,
56912,
56987,
57002,
57035,
57049,
57055,
57079,
57086,
57114,
57118,
57150,
57216,
57279,1700.0 watt
57293,
57357,
57458,16008.0 watt
57506,
57584,
57620,
57702,
57715,
57720,
57754,65.0 watt
57851,
57925,400.0 watt
57931,
58061,
58067,
58131,
58152,
58172,
58234,
58253,
58255,
58260,
58278,5.0 watt
58298,
58316,
58327,2.0 watt
58426,
58429,
58444,50.0 watt
58458,
58529,
58533,
58538,6.0 watt
58571,
58685,136.0 watt
58688,
58700,
58826,870.0 watt
58892,
58955,
58964,
58982,
58992,500.0 watt
58999,
59066,
59077,
59081,
59090,57.0 watt
59110,
59120,
59148,
59150,120.0 watt
59155,
59170,
59217,1000.0 watt
59238,13.0 watt
59289,
59300,
59307,1500.0 watt
59323,
59366,
59378,100.0 watt
59451,60.0 watt
59470,
59474,
59584,
59631,
59632,
59672,
59753,750.0 watt
59842,
59879,700.0 watt
59920,
59928,
59962,
59980,
60009,
60039,500.0 watt
60042,
60050,
60079,
60179,
60222,43.0 watt
60254,
60279,
60295,
60298,
60358,
60362,
60365,
60392,
60397,
60406,
60433,
60457,
60555,
60576,24.0 watt
60585,
60638,
60653,
60670,
60696,
60711,
60745,
60749,
60784,
60791,
60815,
60836,
60860,
60897,
60932,
60964,
61006,90.0 watt
61012,
61094,1800.0 watt
61142,400.0 watt
61224,70.0 watt
61266,
61278,
61327,
61351,750.0 watt
61374,
61376,
61397,
61421,
61453,21.0 watt
61474,900.0 watt
61508,
61560,
61570,
61571,
61667,
61744,
61764,800.0 watt
61803,
61859,
61868,380.0 watt
61944,
61947,
61986,
62005,
62061,
62151,
62159,
62174,
62201,
62362,
62370,
62384,
62409,1000.0 watt
62424,
62425,
62427,
62559,
62602,1200.0 watt
62619,
62628,
62649,2200.0 watt
62704,
62749,
62808,
62812,
62846,
62862,
62931,1200.0 watt
62974,
63014,
63062,
63067,
63080,
63086,
63120,
63141,
63142,
63150,
63153,1500.0 watt
63190,
63192,
63214,
63357,
63422,
63438,
63463,
63523,
63548,
63555,
63575,
63632,19.0 watt
63642,
63668,
63698,
63714,
63716,
63749,
63793,84.0 watt
63812,
63829,
63841,
64039,
64078,
64110,
64126,
64147,
64155,
64165,
64202,
64232,
64308,
64356,
64370,
64389,200.0 watt
64399,
64401,
64407,1500.0 watt
64449,
64465,
64479,60.0 watt
64505,
64529,
64531,
64533,
64614,
64676,
64678,
64680,
64708,
64723,
64734,1500.0 watt
64875,
64901,
64903,
64943,
65168,4.0 watt
65185,
65267,450.0 watt
65283,
65285,
65325,
65432,
65461,
65561,
65564,
65581,
65632,
65682,
65685,120.0 watt
65692,
65743,
65779,
65858,1200.0 watt
65866,
65871,
65924,
65946,
65962,
66049,
66103,
66127,
66237,200.0 watt
66264,
66272,
66285,1700.0 watt
66341,
66389,
66455,
66482,
66520,
66530,
66536,
66579,
66582,4.0 watt
66638,
66868,
66895,
66912,
66930,
66963,
67013,31.0 watt
67035,6.0 watt
67070,
67095,
67110,
67129,
67150,
67161,
67171,
67181,120.0 watt
67248,
67251,
67343,
67384,60.0 watt
67410,
67414,
67421,
67466,
67469,
67490,600.0 watt
67576,
67596,
67599,
67656,
67729,
67745,
67762,
67778,
67829,
67848,
67904,
67945,
67956,
67987,21.0 watt
68000,25.0 watt
68014,1450.0 watt
68054,
68119,
68156,
68177,
68200,
68216,
68291,
68330,
68332,
68396,
68451,
68457,
68464,
68519,
68523,
68566,
68596,1200.0 watt
68616,
68639,
68653,
68684,
68695,
68713,
68758,
68818,
68828,
68843,
68850,1700.0 watt
68887,
68912,100.0 watt
68914,
68919,
68923,
68950,
68984,
69034,
69047,
69061,
69074,
69084,
69102,
69155,
69191,
69260,
69273,
69282,
69287,
69292,
69306,
69408,
69413,
69438,18.0 watt
69451,
69502,
69533,
69552,
69584,
69601,
69646,
69662,
69671,
69681,
69710,
69723,
69783,
69805,20.0 watt
69815,
69890,
69893,
69964,
69967,
69983,
69999,19.0 watt
70066,
70082,
70115,
70180,
70192,
70244,
70246,
70273,
70377,
70424,9.5 watt
70439,
70450,
70454,
70473,
70492,
70529,
70538,
70545,
70647,
70683,
70691,
70698,
70792,
70809,200.0 watt
70817,
70833,
70847,
70862,315.0 watt
70917,
71000,48.0 watt
71032,0.9 watt
71051,3.0 watt
71257,
71314,
71391,
71419,40.0 watt
71464,
71472,
71493,
71540,
71541,
71610,
71642,
71650,
71662,
71682,
71719,
71769,1500.0 watt
71774,
71805,
71816,
71865,
71920,
71943,
71962,
71970,
71985,
72013,
72022,
72044,
72045,800.0 watt
72185,
72271,
72346,
72358,
72362,
72419,
72455,
72481,
72489,
72495,
72557,
72591,
72611,
72623,
72660,
72697,
72703,
72727,
72730,
72739,
72855,
72873,144.0 watt
72897,
72905,
72917,
72996,
72999,
73079,
73090,
73111,
73129,
73135,
73147,40.0 watt
73154,
73192,
73227,65.0 watt
73234,
73258,
73280,65.0 watt
73292,
73312,
73346,
73348,
73355,
73457,
73498,44.0 watt
73559,32.0 watt
73573,1500.0 watt
73630,
73635,
73656,
73701,
73716,
73725,
73777,
73830,
73885,60.0 watt
73910,
73934,
73945,
74014,
74036,1000.0 watt
74080,65.0 watt
74085,
74121,
74214,1400.0 watt
74219,
74331,
74364,
74372,
74393,
74395,
74541,
74573,
74684,25.0 watt
74689,
74700,
74745,1400.0 watt
74765,20.0 watt
74785,
74807,3300.0 watt
74810,
74831,5.0 watt
74872,
74920,
74987,
75021,
75046,41.0 watt
75071,
75100,
75133,
75138,
75146,
75151,
75153,
75245,
75257,
75283,1500.0 watt
75293,
75304,
75314,
75328,
75368,
75399,
75450,
75474,
75488,1200.0 watt
75518,
75588,
75597,
75600,
75614,
75619,
75634,
75679,2800.0 watt
75729,
75733,150.0 watt
75779,
75805,
75820,250.0 watt
75825,
75910,
75933,
75943,
75960,1000.0 watt
76040,
76069,
76095,
76122,
76128,
76172,
76197,
76203,20.0 watt
76404,
76530,
76546,
76577,
76596,
76659,
76670,
76691,
76727,
76746,
76758,
76762,13.0 watt
76790,
76831,1000.0 watt
76853,
76888,
76893,
76925,
77024,30.0 watt
77061,
77079,
77170,
77206,24.0 watt
77270,
77350,
77554,
77768,
77998,
78073,
78194,
78435,
78764,
78942,
78950,
79049,
79082,
79181,
79219,1000.0 watt
79447,2.2 watt
79606,
79647,
79812,
79951,
80059,2950.0 watt
80061,
80077,
80101,
80250,
80506,
80679,
80692,
80893,
81271,
81396,
81765,
81921,
81954,
82009,
82027,
82107,
82345,
82616,
82660,
82992,
83202,
83341,185.0 watt
83356,
83507,
83615,
83641,
83796,
83803,
83814,20.0 watt
84233,
84242,20.0 watt
84377,
84421,2000.0 watt
84458,
84587,
84653,
84685,
84791,
84942,
84972,2.25 watt
85043,
85143,
85204,
85306,
85354,
85547,
85565,
85985,
86239,
86271,
86334,
86361,
86572,
86732,
86824,
86835,160.0 watt
86852,65.0 watt
86963,230.0 watt
87143,
87183,
87449,
87549,
87723,15.0 watt
87773,
87864,
87942,2.0 watt
88141,
88264,
88358,600.0 watt
88825,
88954,
89015,
89225,
89308,
89574,
89675,
90231,
90461,
90466,
90478,
90544,
90589,
90651,
90746,
90836,25.0 watt
90858,20.0 watt
90863,
90871,
91006,
91109,
91245,
91345,
91375,
91398,
91624,3400.0 watt
91658,
91767,
91923,
92155,
92262,
92365,
92391,
92422,4.0 watt
92438,
92519,
92750,45.0 watt
92809,9.0 watt
92862,5.0 watt
92916,
92934,
93064,100.0 watt
93155,
93181,
93895,
94101,20.0 watt
94153,1200.0 watt
94443,
94561,
94683,
94901,
94929,
94938,782091.0 watt
94978,
94981,
94986,
95001,
95173,15.0 watt
95262,
95271,1.0 watt
95316,
95322,
95542,215.0 watt
95562,
95584,
95778,
95793,
95901,
95933,
95954,18.0 watt
96004,
96102,
96148,18.0 watt
96185,
96228,
96242,75.0 watt
96821,
96920,
96951,750.0 watt
97033,
97179,
97520,100.0 watt
97529,750.0 watt
97785,500.0 watt
97824,100.0 watt
97914,
98153,
98230,1500.0 watt
98288,
98321,
98767,60.0 watt
98851,
98889,1700.0 watt
98898,2.0 watt
99001,
99031,100.0 watt
99038,
99097,
99137,
99140,
99240,
99368,
99435,
99483,
99508,
99957,
100443,
100746,1.7 watt
100757,
100806,
100893,
100985,
101142,
101195,1007.0 watt
101216,
101292,
101536,
101546,
101611,
101689,
101810,45.0 watt
101883,
102353,
102468,
102492,
102533,
102549,
102609,
102832,67.0 watt
102897,
103436,96.0 watt
103524,
103542,
103555,
103600,
103622,15.0 watt
103637,100.0 watt
103723,
103741,60.0 watt
103743,
103790,
103820,
103841,
104201,
104222,
104360,
104864,
104976,
105065,
105203,
105301,
105316,
105361,
105401,
105457,
105594,
105632,
105642,
105743,
105749,
105872,50.0 watt
105956,65.0 watt
105984,
106044,
106125,1900.0 watt
106141,
106336,
106388,
106462,
106553,
106649,
106689,
106806,
107050,
107472,
107640,
107667,
107709,600.0 watt
107821,
107837,78.0 watt
107884,
107908,
108048,750.0 watt
108171,
108204,
108206,
108249,
108353,
108407,
108409,65.0 watt
108414,
108416,
108426,
108430,20.0 watt
108439,
108456,
108466,
108470,
108472,
108487,
108492,
108493,
108496,112.0 watt
108505,500.0 watt
108507,150.0 watt
108540,
108544,
108554,
108580,
108588,1330.0 watt
108609,
108613,
108616,5.0 watt
108626,
108637,25.0 watt
108642,1600.0 watt
108655,
108656,
108665,
108670,
108698,
108700,
108707,
108713,
108715,
108718,
108722,
108730,
108742,
108751,
108758,
108761,
108766,
108778,
108783,
108809,
108816,
108824,
108826,
108829,
108833,
108842,
108863,
108865,
108869,
108877,15.0 watt
108886,
108891,
108895,
108906,
108911,
108914,
108915,
108922,1300.0 watt
108938,
108950,
108957,
108970,
108973,105.0 watt
108986,
108990,
108994,
109032,
109038,
109069,850.0 watt
109077,15.0 watt
109079,
109085,
109096,
109104,
109152,
109166,
109167,
109175,
109198,
109236,
109242,
109244,
109254,
109260,
109283,
109291,20.0 watt
109305,
109316,
109320,
109330,
109364,
109365,
109369,
109385,
109394,
109404,
109408,
109422,15.0 watt
109431,
109436,
109440,
109445,
109452,
109462,
109464,60.0 watt
109469,200.0 watt
109477,100.0 watt
109480,
109496,
109500,
109523,
109529,
109531,
109543,
109558,
109565,
109571,130.0 watt
109581,1.0 watt
109583,
109586,
109594,
109604,
109605,
109611,
109616,650.0 watt
109628,60.0 watt
109631,
109634,
109641,18.0 watt
109647,
109654,
109662,
109665,
109687,200.0 watt
109691,
109712,
109717,4.0 watt
109734,
109737,
109751,
109774,
109775,4.5 watt
109793,850.0 watt
109819,
109826,40.0 watt
109848,
109851,
109853,
109855,
109860,
109867,
109879,20.0 watt
109888,
109892,65.0 watt
109901,
109905,
109930,
109933,
109936,
109938,
109952,
109965,100.0 watt
109968,
109980,5.0 watt
109984,
109997,
110011,
110028,
110033,
110042,160.0 watt
110046,6.0 watt
110052,
110074,
110078,300.0 watt
110091,
110099,
110102,
110108,
110111,
110117,
110129,
110150,
110156,
110157,
110159,
110191,
110202,
110210,
110219,
110222,400.0 watt
110232,
110234,
110236,
110247,15.0 watt
110252,9.0 watt
110263,
110271,
110276,
110295,
110306,
110310,
110335,
110337,
110342,
110344,
110359,
110368,
110373,65.0 watt
110388,500.0 watt
110392,
110404,54.0 watt
110426,
110435,
110443,
110453,
110475,
110487,
110492,
110497,160.0 watt
110510,
110511,
110523,
110525,120.0 watt
110537,
110540,
110549,15.0 watt
110576,
110581,300.0 watt
110583,
110585,
110591,
110597,
110609,5.0 watt
110612,
110616,
110624,
110626,
110634,
110653,
110663,
110682,350.0 watt
110683,
110686,48.0 watt
110692,
110698,
110701,
110710,
110714,
110720,
110730,65.0 watt
110753,
110760,
110776,
110781,220.0 watt
110783,
110792,
110794,
110812,
110817,
110819,
110827,
110866,
110873,
110900,
110902,
110923,
110928,
110941,
110951,
110962,
110987,
110988,45.0 watt
111006,
111012,
111036,
111046,
111048,
111089,
111094,
111099,100.0 watt
111114,
111134,
111142,
111148,
111157,
111170,
111194,
111196,400.0 watt
111204,
111208,
111209,
111213,
111224,18.0 watt
111228,3100.0 watt
111234,
111241,
111263,
111270,5.0 watt
111275,
111278,470.0 watt
111284,
111287,100.0 watt
111289,1000.0 watt
111303,
111305,
111310,25.0 watt
111313,
111317,
111318,
111323,
111324,858.0 watt
111327,
111333,
111383,
111393,
111399,
111401,
111403,
111410,
111415,
111418,
111424,
111428,
111431,
111447,
111450,
111452,120.0 watt
111456,65.0 watt
111478,65.0 watt
111486,
111489,
111500,
111534,
111551,
111567,1000.0 watt
111569,
111570,
111589,
111605,
111613,
111624,850.0 watt
111653,
111675,
111691,
111711,
111714,
111722,
111731,
111746,30.0 watt
111747,60.0 watt
111762,
111764,
111769,
111774,
111778,
111780,20.0 watt
111789,
111802,30.0 watt
111812,60.0 watt
111814,
111826,
111832,3100.0 watt
111840,150.0 watt
111843,140.0 watt
111851,
111868,
111874,
111878,
111883,
111890,
111904,
111909,
111918,1200.0 watt
111919,
111923,
111926,
111941,
111950,
111970,
111991,
111996,
112003,
112004,
112026,240.0 watt
112031,5.0 watt
112053,305.0 watt
112077,
112081,
112083,
112087,
112096,15.0 watt
112101,
112105,
112115,
112117,
112119,
112125,
112132,
112179,
112180,
112188,
112195,
112197,15.0 watt
112203,
112216,20.0 watt
112220,
112228,
112235,
112243,
112246,
112269,
112289,
112292,
112297,
112299,
112305,
112311,
112328,
112345,
112351,
112375,
112384,
112386,
112392,
112401,
112408,
112437,
112468,
112469,
112481,
112486,20.0 watt
112490,
112496,120.0 watt
112508,
112520,
112527,30.0 watt
112533,
112535,60.0 watt
112542,
112566,
112578,
112584,
112590,65.0 watt
112594,
112596,4.0 watt
112601,
112602,
112618,
112630,
112635,105.0 watt
112639,120.0 watt
112650,
112656,1.0 watt
112658,
112661,
112687,
112691,
112704,
112709,
112716,
112744,
112756,
112767,
112783,8.0 watt
112787,
112813,
112817,
112843,
112852,9.0 watt
112857,
112863,
112865,
112867,
112886,
112916,
112922,
112956,
112979,
113001,
113003,100.0 watt
113007,
113015,2.25 watt
113022,
113044,
113047,
113048,100.0 watt
113062,
113073,
113075,
113076,
113078,
113094,
113102,
113112,
113115,
113134,
113138,
113143,
113145,
113163,
113166,
113169,
113211,
113214,25.0 watt
113221,
113224,7.0 watt
113225,
113245,
113260,
113268,
113273,
113281,
113284,
113286,100.0 watt
113314,
113316,100.0 watt
113346,
113351,
113354,
113358,10.0 watt
113367,
113376,
113378,600.0 watt
113395,
113418,120.0 watt
113421,
113428,
113434,
113445,60.0 watt
113453,
113461,
113463,
113465,
113474,
113484,25.0 watt
113485,
113492,
113494,
113496,
113499,
113500,
113503,36.0 watt
113506,30.0 watt
113512,
113516,
113517,
113522,
113524,650.0 watt
113526,100.0 watt
113544,
113555,
113573,
113576,1.6 watt
113596,30.0 watt
113617,
113620,
113623,
113627,
113634,
113637,
113640,450.0 watt
113645,20.0 watt
113647,
113654,
113665,
113670,
113678,
113689,100.0 watt
113697,
113722,850.0 watt
113727,
113733,
113735,100.0 watt
113739,
113744,
113751,
113755,
113758,
113763,20.0 watt
113766,
113776,
113797,
113799,750.0 watt
113806,
113820,
113821,
113828,
113836,
113855,1800.0 watt
113858,
113864,
113866,
113878,
113899,
113918,
113923,
113944,
113947,
113953,135.0 watt
113959,60.0 watt
113963,
113965,
113968,
113979,20.0 watt
113981,
113988,
113990,1.0 watt
113994,
114005,
114011,
114023,
114036,
114040,
114043,
114045,
114050,
114056,
114064,
114102,
114111,
114114,
114124,
114127,
114128,
114135,
114144,
114146,
114148,
114165,
114171,2200.0 watt
114177,20.0 watt
114179,
114184,
114189,25.0 watt
114196,
114205,
114209,
114211,
114214,
114229,100.0 watt
114236,
114241,15.0 watt
114243,
114252,510.0 watt
114266,500.0 watt
114286,
114296,
114303,25.0 watt
114313,
114315,
114321,
114326,220.0 watt
114328,65.0 watt
114338,
114350,
114354,
114356,
114363,
114374,
114387,30.0 watt
114400,
114405,
114415,
114423,20.0 watt
114444,
114452,
114476,290.0 watt
114489,
114494,
114515,
114520,
114531,
114533,200.0 watt
114542,
114546,
114547,
114558,
114562,
114575,
114598,
114632,
114634,
114639,
114653,
114658,
114669,
114673,
114674,
114676,
114685,
114695,
114697,
114722,
114726,
114734,
114735,450.0 watt
114742,
114747,
114757,
114804,
114840,
114845,
114855,
114856,3.0 watt
114868,
114870,
114876,
114897,
114901,
114905,
114932,
114939,12.0 watt
114944,
114948,120.0 watt
114998,
115016,
115022,
115024,
115033,20.0 watt
115047,30.0 watt
115051,
115066,
115067,
115073,
115079,100.0 watt
115081,5.0 watt
115084,
115094,
115112,18.0 watt
115119,
115123,240.0 watt
115126,
115140,
115147,
115160,
115230,105.0 watt
115234,
115240,
115286,
115289,
115293,
115318,100.0 watt
115320,
115325,60.0 watt
115343,
115353,
115366,100.0 watt
115369,100.0 watt
115372,
115388,495.0 watt
115392,
115409,
115418,1800.0 watt
115426,
115433,20.0 watt
115449,
115453,
115462,2.0 watt
115478,
115480,
115495,750.0 watt
115513,
115525,18.0 watt
115527,
115552,
115554,
115557,
115589,
115590,
115600,
115607,
115610,
115624,
115645,
115649,100.0 watt
115655,
115666,
115669,
115672,
115683,
115720,750.0 watt
115753,1.0 watt
115754,130.0 watt
115758,
115762,
115766,
115784,
115812,100.0 watt
115820,
115824,29.0 watt
115835,
115851,
115875,
115887,
115908,
115936,
115942,
115945,
115951,30.0 watt
115953,
115960,
115980,
115989,
115991,
115997,
115999,5.0 watt
116005,600.0 watt
116006,
116013,
116020,
116027,
116039,
116049,42.0 watt
116055,
116094,
116109,
116110,
116117,26.0 watt
116119,
116143,
116153,
116157,
116175,30.0 watt
116190,105.0 watt
116193,
116195,
116210,
116212,
116214,
116225,12.0 watt
116240,
116246,
116249,
116254,
116259,
116266,
116267,
116269,
116270,
116279,
116295,
116317,
116352,
116370,
116412,
116414,
116415,
116417,
116436,
116452,
116456,
116457,
116496,
116519,
116539,
116543,
116556,
116560,
116565,
116569,
116584,
116587,
116599,
116617,
116639,
116641,60.0 watt
116681,
116704,
116712,31.0 watt
116743,
116749,
116751,
116759,
116762,
116785,
116794,1.0 watt
116809,
116814,20.0 watt
116822,
116828,
116849,
116853,45.0 watt
116867,
116873,105.0 watt
116886,750.0 watt
116893,
116896,
116899,15.0 watt
116902,550.0 watt
116907,
116913,
116948,45.0 watt
116986,
116988,
117003,
117009,
117012,
117016,
117023,5266.0 watt
117037,2000.0 watt
117043,
117046,
117047,
117063,50.0 watt
117092,
117096,15.0 watt
117140,
117145,
117149,
117153,
117178,
117184,25.0 watt
117186,
117192,15.0 watt
117203,3250.0 watt
117210,
117217,90.0 watt
117224,
117237,30.0 watt
117250,
117263,
117268,
117275,
117277,
117287,20.0 watt
117290,
117306,5.0 watt
117309,
117312,
117332,
117335,
117351,
117354,
117356,
117359,20.0 watt
117367,
117391,15.0 watt
117402,850.0 watt
117405,
117407,
117411,
117414,
117415,18.0 watt
117420,4.0 watt
117422,
117430,100.0 watt
117437,
117441,2.0 watt
117459,
117462,
117468,15.0 watt
117469,
117479,
117484,120.0 watt
117489,65.0 watt
117500,1025.0 watt
117519,300.0 watt
117520,250.0 watt
117529,
117541,
117548,
117550,
117563,
117568,
117576,
117583,0.5 watt
117591,
117592,
117610,
117612,
117616,
117624,
117632,
117633,
117637,92517.0 watt
117639,
117651,50.0 watt
117664,700.0 watt
117687,600.0 watt
117689,
117704,20.0 watt
117710,
117718,
117722,
117740,
117749,
117756,100.0 watt
117780,
117788,3154.0 watt
117804,100.0 watt
117805,
117809,
117863,
117882,
117884,
117890,
117892,
117900,15.0 watt
117908,
117937,
117939,
117940,100.0 watt
117947,100.0 watt
117954,2148.0 watt
117959,60.0 watt
117967,
117971,
117975,
117994,
117998,80.0 watt
118024,
118043,
118051,20.0 watt
118109,
118112,
118119,
118122,
118142,
118145,
118152,
118153,
118184,20.0 watt
118186,
118197,
118203,
118210,6.0 watt
118212,
118217,
118228,
118242,
118245,
118260,
118261,45.0 watt
118276,
118297,
118307,
118311,2.0 watt
118317,96.0 watt
118334,
118340,
118344,
118350,
118365,
118369,
118377,
118404,
118415,
118422,
118430,
118434,
118444,
118454,
118468,
118481,2.0 watt
118537,
118554,
118560,
118578,7.0 watt
118591,
118602,
118618,15.0 watt
118623,
118637,
118656,
118673,
118682,
118686,
118702,
118705,30.0 watt
118709,
118711,1025.0 watt
118715,
118720,
118722,0.7 watt
118726,
118728,
118731,100.0 watt
118736,15.0 watt
118739,
118742,
118752,60.0 watt
118757,400.0 watt
118768,1200.0 watt
118820,
118835,
118848,
118871,
118884,
118898,
118912,
118943,
118947,
118959,600.0 watt
118966,25.0 watt
118969,750.785 watt
118976,
118990,
119001,20.0 watt
119002,
119018,100.0 watt
119036,
119043,
119052,
119060,
119081,
119103,35.0 watt
119107,
119134,
119146,5.0 watt
119149,
119162,
119172,
119183,500.0 watt
119185,
119191,
119198,
119200,
119213,
119251,
119263,
119267,
119277,
119293,
119296,
119312,60.0 watt
119315,650.0 watt
119367,
119390,
119391,
119394,100.0 watt
119398,
119520,20.0 watt
119527,
119529,
119539,
119542,
119551,
119553,
119560,1.0 watt
119562,
119566,
119583,
119602,
119606,
119609,5.0 watt
119615,
119648,18.0 watt
119654,
119661,140.0 watt
119665,29.0 watt
119675,
119718,
119725,280.0 watt
119734,235.0 watt
119749,
119751,20.0 watt
119761,100.0 watt
119767,10.0 watt
119775,
119776,
119779,
119787,
119791,
119792,
119799,
119813,
119843,
119849,
119851,
119856,20.0 watt
119859,
119863,
119873,
119896,
119898,
119912,
119934,100.0 watt
119942,
119945,
119954,25.0 watt
119965,15.0 watt
119980,
119985,
119994,
120010,
120013,
120025,
120039,
120048,100.0 watt
120052,
120053,120.0 watt
120060,
120063,
120065,100.0 watt
120086,
120108,
120111,
120119,
120126,
120148,100.0 watt
120174,
120187,
120210,
120221,
120229,2000.0 watt
120230,15.0 watt
120239,
120241,
120254,
120255,100.0 watt
120266,1650.0 watt
120275,
120291,
120307,20.0 watt
120319,
120332,18.0 watt
120349,
120350,
120362,25.0 watt
120365,
120384,
120387,
120397,
120415,
120428,
120435,
120437,100.0 watt
120446,
120457,
120478,
120480,
120488,
120512,
120521,
120532,20.0 watt
120543,
120551,
120554,
120559,
120568,
120573,
120586,
120612,
120646,
120661,
120682,
120685,
120695,36.0 watt
120732,
120754,
120758,
120767,100.0 watt
120769,
120789,144.0 watt
120792,
120798,
120800,
120809,
120821,
120824,
120833,240.0 watt
120843,240.0 watt
120866,
120884,25.0 watt
120889,20.0 watt
120918,65.0 watt
120923,
120925,
120942,1800.0 watt
120948,
120949,
120986,
120991,
121000,
121009,100.0 watt
121020,
121024,
121072,20.0 watt
121073,
121086,650.0 watt
121108,
121129,
121133,
121152,
121163,550.0 watt
121171,
121186,
121203,87.0 watt
121213,100.0 watt
121228,
121229,
121243,
121253,
121262,
121273,
121274,
121280,
121282,
121288,65.0 watt
121303,
121315,
121325,20.0 watt
121329,
121347,
121355,
121378,
121388,
121391,
121398,
121406,
121409,
121428,
121457,
121466,
121473,
121478,
121480,
121492,
121493,
121498,
121512,
121516,
121545,
121552,
121569,
121583,
121593,
121594,
121596,
121606,
121619,
121659,65.0 watt
121661,
121675,61.0 watt
121678,
121686,4266.0 watt
121723,
121728,
121732,20.0 watt
121735,
121749,1800.0 watt
121752,
121776,
121787,
121798,
121800,
121803,
121826,495.0 watt
121827,50.0 watt
121834,
121847,
121856,
121872,
121892,
121895,
121905,
121908,60.0 watt
121955,
121989,
121998,
122002,
122005,40.0 watt
122009,240.0 watt
122011,
122016,
122022,
122032,
122034,
122037,60.0 watt
122048,
122073,65.0 watt
122075,
122102,20.0 watt
122126,
122140,
122141,
122158,
122165,
122170,
122175,150.0 watt
122177,
122182,
122210,
122212,
122228,
122242,
122264,
122268,18.0 watt
122282,
122294,
122298,
122300,
122321,
122329,
122335,
122362,
122367,20.0 watt
122370,
122390,
122394,15.0 watt
122421,2.1 watt
122444,60.0 watt
122448,7820.0 watt
122456,
122457,
122460,15.0 watt
122462,
122470,1.0 watt
122525,
122546,
122548,
122558,550.0 watt
122573,
122605,
122633,
122653,
122664,
122672,
122675,
122693,
122700,18.0 watt
122708,
122712,700.0 watt
122722,
122733,
122769,105.0 watt
122804,40.0 watt
122818,
122827,
122845,
122849,30.0 watt
122859,
122864,20.0 watt
122873,
122878,
122884,100.0 watt
122900,
122916,200.0 watt
122927,60.0 watt
122931,
122936,
122961,
122969,
122983,
122989,
123007,
123011,
123027,
123040,
123045,
123049,
123057,100.0 watt
123060,
123063,
123065,
123069,
123113,
123121,
123151,
123163,
123177,
123183,
123198,
123204,25.0 watt
123211,15.0 watt
123214,
123244,
123246,
123268,
123275,
123295,4820.0 watt
123311,
123326,
123338,
123361,
123377,2.0 watt
123378,
123385,
123399,30.0 watt
123403,
123413,49.0 watt
123430,
123432,
123443,
123454,
123487,
123503,
123518,
123522,
123527,
123543,
123556,18.0 watt
123558,
123562,230.0 watt
123569,
123579,20.0 watt
123586,
123600,
123632,
123636,36.0 watt
123647,36.0 watt
123672,
123684,
123689,750.0 watt
123701,60.0 watt
123720,
123721,
123724,
123736,
123754,
123767,100.0 watt
123776,
123779,
123780,600.0 watt
123794,750.0 watt
123803,15.0 watt
123815,
123820,
123822,350.0 watt
123824,
123830,
123834,
123851,
123868,
123887,
123896,
123916,
123920,65.0 watt
123926,
123956,
123957,
123984,
124000,
124028,
124048,
124072,
124083,15.0 watt
124142,
124143,
124150,65.0 watt
124167,
124174,
124180,200.0 watt
124185,
124190,60.0 watt
124196,990.0 watt
124202,
124205,
124240,20.0 watt
124248,
124268,515.0 watt
124282,
124290,
124300,5.0 watt
124303,
124309,
124323,100.0 watt
124326,15.0 watt
124335,
124345,
124352,
124358,
124391,
124396,
124397,
124401,
124402,
124407,
124418,
124429,
124443,
124453,
124494,
124495,
124511,10.0 watt
124522,15.0 watt
124535,
124539,
124546,
124552,
124555,
124560,
124562,
124568,
124572,1.0 watt
124575,
124577,
124596,100.0 watt
124598,
124599,100.0 watt
124616,
124620,
124642,
124643,
124645,
124651,
124656,335.0 watt
124660,
124664,
124669,240.0 watt
124675,
124684,15.0 watt
124713,20.0 watt
124726,
124729,20.0 watt
124733,100.0 watt
124769,
124774,
124777,65.0 watt
124780,
124790,
124813,
124825,
124826,1.0 watt
124832,
124837,
124842,
124846,
124853,
124870,
124872,
124889,
124901,
124905,200.0 watt
124910,380.0 watt
124912,
124918,
124953,
124962,2000.0 watt
124992,
125002,2.0 watt
125006,
125032,350.0 watt
125047,
125065,
125070,
125096,
125103,
125106,60.0 watt
125123,
125125,
125134,
125139,
125179,
125180,
125189,
125212,
125234,
125243,
125253,15.0 watt
125255,
125260,
125270,
125275,3.0 watt
125283,
125295,20.0 watt
125302,
125314,
125320,
125323,
125340,
125342,
125372,
125407,
125417,
125422,
125427,
125429,30.0 watt
125432,100.0 watt
125450,
125461,
125468,
125469,
125475,
125485,
125513,
125541,120.0 watt
125550,
125557,
125560,
125578,
125591,
125621,
125638,
125645,
125667,
125670,
125691,
125697,
125702,
125714,
125724,
125765,
125784,
125826,
125829,4210.0 watt
125834,4.0 watt
125849,
125876,100.0 watt
125886,
125890,1986.0 watt
125891,
125903,3000.0 watt
125904,
125943,7840.0 watt
125953,
125980,150.0 watt
125983,
125987,8.0 watt
126019,
126033,
126072,
126077,
126107,
126115,
126119,
126133,
126146,
126159,
126166,
126169,120.0 watt
126206,100.0 watt
126212,
126214,
126218,
126222,335.0 watt
126257,
126268,
126277,
126306,
126314,
126338,7840.0 watt
126342,
126345,
126349,
126356,
126384,
126399,
126402,
126405,
126451,
126459,
126477,
126481,
126488,
126493,
126506,
126517,
126520,
126544,
126554,
126580,
126618,
126620,
126626,
126646,80.0 watt
126651,6.1 watt
126683,
126689,
126699,
126712,
126735,
126748,
126750,
126753,2170.0 watt
126754,
126759,7820.0 watt
126765,
126785,
126797,
126808,
126809,
126815,
126816,
126834,
126838,
126846,100.0 watt
126870,
126877,
126896,2.0 watt
126933,750.0 watt
126938,
126943,
126948,
126949,
126969,
126977,
126980,
127002,
127004,
127030,
127039,
127050,
127057,
127060,
127074,
127108,
127120,
127126,
127130,
127144,
127160,
127175,
127185,
127190,
127208,
127236,
127239,
127251,
127261,
127273,
127279,
127325,20.0 watt
127335,
127340,
127348,100.0 watt
127359,
127370,
127383,
127397,
127401,
127402,
127449,
127493,
127500,
127508,
127524,20.0 watt
127532,
127540,
127546,
127554,
127556,250.0 watt
127612,25.0 watt
127618,1500.0 watt
127634,
127638,
127641,
127645,1170.0 watt
127674,
127730,
127748,
127751,
127759,35.0 watt
127790,
127795,
127814,
127833,
127857,1800.0 watt
127860,
127862,
127872,
127881,
127933,
127947,
127965,
127966,650.0 watt
127968,
128000,
128051,
128057,
128063,
128070,
128076,
128084,
128099,
128117,100.0 watt
128124,
128134,350.0 watt
128186,
128200,650.0 watt
128205,450.0 watt
128221,
128224,
128263,
128264,
128274,
128293,750.0 watt
128324,600.0 watt
128332,335.0 watt
128346,
128349,
128361,
128367,400.0 watt
128376,
128383,15.0 watt
128412,
128415,
128419,
128420,
128422,
128433,65.0 watt
128453,
128498,
128528,
128552,
128558,
128588,
128593,
128602,
128611,20.0 watt
128617,
128634,60.0 watt
128644,
128649,
128654,
128686,1986.0 watt
128729,
128732,
128750,
128753,
128756,
128776,
128814,
128822,
128828,20.0 watt
128844,
128871,
128913,
128945,
128948,
128952,
128956,
128963,
128968,
128992,
128997,
129031,
129071,
129087,
129094,
129098,
129111,
129118,
129132,
129149,
129157,
129160,
129197,
129206,
129227,300.0 watt
129232,
129243,100.0 watt
129258,
129262,
129268,
129273,
129286,
129290,
129302,8.0 watt
129314,
129324,
129332,100.0 watt
129333,500.0 watt
129373,
129390,
129393,
129418,
129427,
129428,
129432,100.0 watt
129457,510.0 watt
129508,
129516,100.0 watt
129533,
129546,
129557,20.0 watt
129581,
129594,
129597,850.0 watt
129606,
129609,
129614,
129616,
129618,
129632,4850.0 watt
129637,
129641,
129647,
129676,
129691,
129698,
129708,
129714,40.0 watt
129740,
129746,
129750,
129788,717.0 watt
129790,
129795,
129801,
129805,
129809,
129813,
129833,
129837,
129850,
129858,
129872,
129882,100.0 watt
129887,
129892,
129938,
129951,
129978,
129982,850.0 watt
129988,
130010,
130024,
130041,
130063,
130089,
130091,
130098,100.0 watt
130122,
130130,
130149,
130150,
130169,35.0 watt
130190,100.0 watt
130194,
130206,
130211,
130213,
130219,
130235,750.0 watt
130249,
130256,
130261,
130263,3000.0 watt
130276,480.0 watt
130280,
130295,120.0 watt
130297,35.0 watt
130309,
130325,200.0 watt
130336,
130338,
130356,2.0 watt
130360,300.0 watt
130362,
130369,600.0 watt
130372,
130374,3000.0 watt
130376,
130389,
130410,
130433,60.0 watt
130447,
130464,
130474,3730.0 watt
130483,
130487,
130495,600.0 watt
130498,300.0 watt
130506,
130511,
130521,
130529,2700.0 watt
130531,
130553,
130587,
130592,
130597,350.0 watt
130617,75.0 watt
130625,100.0 watt
130629,
130630,
130647,200.0 watt
130653,
130663,
130667,1300.0 watt
130669,
130676,960.0 watt
130681,650.0 watt
130682,150.0 watt
130688,60.0 watt
130699,320.0 watt
130701,
130715,
130721,750.0 watt
130729,
130741,200.0 watt
130745,550.0 watt
130751,
130756,700.0 watt
130770,350.0 watt
130776,
130788,150.0 watt
130802,
130813,
130814,
130832,200.0 watt
130837,300.0 watt
130848,
130852,300.0 watt
130911,300.0 watt
130913,
130930,60.0 watt
130939,240.0 watt
130963,
130965,7720.0 watt
130970,
130974,
131020,65.0 watt
131024,1000.0 watt
131043,
131057,
131061,7720.0 watt
131070,300.0 watt
131072,50.0 watt
131080,
131115,
131124,45.0 watt
131138,
131145,
131147,
131148,6.0 watt
131151,
131152,
131154,
131187,
131199,
131201,
131206,320.0 watt
131209,45.0 watt
131226,
131246,
